Active_AUID,Retired_AUID,Historical_AUID
AK_B_1010203_004,AK_B_1010203_002,
AK_B_1010204_006,,AK_B_1010204_001
AK_B_1010204_005,,AK_B_1010204_002
AK_B_1010204_007,,AK_B_1010204_003
AK_B_1010204_004,,AK_B_1010204_006
AK_B_1010204_001,,AK_B_1010204_004
AK_B_1010204_008,,AK_B_1010204_005
AK_B_1010204_003,,AK_B_1010204_007
AK_B_1010204_002,,AK_B_1010204_008
AK_B_1010205_003,AK_B_1010205_001,
AK_B_1010208_001,,
AK_B_1010208_002,,
AK_B_1020902_001,AK-102020-804,
AK_B_1020904_001,AK-10202-806,
AK_B_1021011_001,AK-10202-805,
AK_B_1030106_001,AK-10301-803,
AK_B_1030106_003,AK-10301-805_00,
AK_B_1030107_002,AK-10301-808,
AK_B_1030107_003,AK-10301-807,
AK_B_1030107_007,AK-10301-806,
AK_B_1030308_002,AK-10303-801,
AK_B_1030308_003,AK-10303-803,
AK_B_1030315_003,AK_B_1030308_001,AK-10303-802_00
AK_B_2020302_003,AK-20202-810,
AK_B_2020302_004,AK-20202-827,
AK_B_2020302_005,AK-20202-828,
AK_B_2020302_006,AK-20202-829,
AK_B_2020302_007,AK-20202-830,
AK_B_2020302_008,AK-20202-831,
AK_B_2020302_009,AK-20202-832,
AK_B_2020302_010,AK-20202-833,
AK_B_2020302_011,AK-20202-834,
AK_B_2020302_012,AK-20202-835,
AK_B_2020302_026,AK-20202-822,
AK_B_2020302_027,AK-20202-824,
AK_B_2020302_028,AK-20202-825,
AK_B_2020302_029,AK-20202-826,
AK_B_2020303_001,AK-20202-820,
AK_B_2020303_002,AK-20202-803,
AK_B_2020303_003,AK-20202-806,
AK_B_2020303_004,AK-20202-807,
AK_B_2020303_005,AK-20202-823,
AK_B_2030107_001,AK-20301-801,AK-20301-801_00
AK_B_2030108_005,AK-20301-802,AK-20301-802_00
AK_B_2030218_002,AK_B_2030219_001,
AK_B_2030218_003,AK20302-802,
AK_B_2030218_004,AK_B_2030219_004,AK-20302-805
AK_B_2030218_005,AK_B_2030219_002,AK-20302-804
AK_B_2040108_001,AK-20401-801,
AK_B_3020415_001,AK-30204-803,AK-30204-004_00
AK_B_3020623_001,AK-30204-801,AK-30204-003_00
AK_B_3020623_002,AK-30204-802,
AK_B_3030311_001,AK-30304-801,AK-30304-801_00
AK_B_3030311_002,AK-30304-802,
AK_B_3030311_003,AK-30304-806,
AK_B_5010420_002,AK-50104-802,
AK_L_1010306_001,AK-10103-401,AK-10103-401_00
AK_L_1021211_006,AK-10203-018_00,
AK_L_1021212_005,,
AK_L_1030106_004,AK-10301-401_00,
AK_L_1030106_005,AK-10301-402_00,
AK_L_1030107_001,AK-10301-403_00,
AK_L_1030311_001,AK-10303-401_00,
AK_L_2010202_005,AK-20102-401,AK-20102-401_00
AK_L_2010401_003,AK-20102-402,AK-20102-402_00
AK_L_2010416_005,AK-20201-401_00,
AK_L_2010417_001,AK-20201-402_00,
AK_L_2020102_002,AK-20201-404,
AK_L_2020109_004,AK-20201-403,AK-20201-403_00
AK_L_2030108_001,AK-20301--401,
AK_L_2030111_004,AK-20301-402,AK-20301-402_00
AK_L_2030218_015,AK-20302-401_00,
AK_L_2040105_007,AK-20505-412,
AK_L_2040105_008_001,AK-20505-401_00,
AK_L_2040105_028,AK-20505-410,AK-20505-410_00
AK_L_2040105_036,AK-20505-409_00,
AK_L_2040105_036_001,,
AK_L_2040106_003,AK-20401-402_00,
AK_L_2040106_004,AK-20402-409_00,AK-20401-420_00
AK_L_2040106_009,AK-20401-406_00,
AK_L_2040106_012,AK_L_2040106_005,
AK_L_2040108_008,AK-20401-403_00,
AK_L_2040108_009,AK-20401-408_00,
AK_L_2040108_011,AK-20505-403_00,
AK_L_2040108_014,AK-20401-423,AK-20401-423_00
AK_L_2040108_017,AK-20401-424,AK-20401-424_00
AK_L_2040108_018,AK-20505-404_00,
AK_L_2040108_020,AK-20401-409_00,
AK_L_2040108_024,AK-20401-405_00,
AK_L_2040108_033,AK-20401-404_00,
AK_L_2040108_034,AK-20401-413_00,
AK_L_2040108_039,AK-20401-422,AK-20401-422_00
AK_L_2040108_042,AK-20401-411_00,
AK_L_2040108_043,AK-20401-401_00,
AK_L_2040108_055,AK-20401-419_00,
AK_L_2040108_056,AK-20401-407_00,
AK_L_2040108_057,AK-20402-401_00,
AK_L_2040108_058,AK-20505-402_00,
AK_L_2040108_060,AK-20401-421_00,
AK_L_2040108_063,AK-20401-412,AK-20401-412_01
AK_L_2040205_003,AK-20402-404,AK-20402-404_00
AK_L_2040207_002,AK-20505-411,
AK_L_2040212_006,AK-20402-402_00,
AK_L_2050109_006,AK-20501-401_00,
AK_L_2050512_026,AK-20505-405_00,
AK_L_2050512_030,AK-20505-406_00,
AK_L_2070114_006,AK-20701-405_00,
AK_L_2070115_001,AK-20701-406_00,
AK_L_2070115_002,AK-20701-407,AK-20701-407_00
AK_L_2070115_004,AK-20701-402_00,
AK_L_2070115_023,AK-20701-404_00,
AK_L_2070115_027,AK-20701-403_00,
AK_L_2070115_030,AK-20701-401_00,
AK_L_2070115_036,AK-20701-408_00,AK-30102-409_00
AK_L_3010208_002,AK-30102-401_00,
AK_L_3020512_001,AK-30205-401_00,
AK_L_3020609_004,AK-30206-401_00,
AK_L_5010100_001,AK-50101-401_00,
AK_L_5040317_001,AK-50301-401_00,
AK_L_6040101_001,AK-60402-401_00,
AK_L_6040101_002,AK-60402-402_00,
AK_L_7050621_002,AK-40205-401_00,
AK_L_8030313_001,AK-40503-402_00,
AK_L_8030407_001,AK-40504-401_00,
AK_L_8030508_001,AK-40505-401_00,
AK_L_8030608_001,AK-40506-401,
AK_L_8030701_002,AK-40507-401_00,
AK_L_8030709_001,AK-40507-402_00,
AK_M_1010202_009,AK-10103-005_00,
AK_M_1010204_005,AK-10102-801_00,
AK_M_1010204_008,AK-10102-601_00,
AK_M_1010204_006,AK-10102-505,AK-10102-803_00
AK_M_1010204_010,AK-10102-502,AK-10102-502_01
AK_M_1010205_010,AK-10102-503,AK-10102-501
AK_M_1010303_014,AK-10103-602_00,
AK_M_1010303_015,AK-10103-802_00,AK-10103-503_00
AK_M_1010303_016,AK-10103-004_00,
AK_M_1010304_004,AK-10103-002_00,
AK_M_1010305_018,AK-10103-503,AK-10103-801_00
AK_M_1010305_021,AK-10103-504,
AK_M_1010306_002,AK-10103-001_00,
AK_M_1010306_003,AK-10103-003_00,
AK_M_1010309_007,AK-10103-803_00,
AK_M_1010310_021,AK-10103-006_00,
AK_M_1010313_005,AK-10103-502_00,
AK_M_1020408_002,AK-10204-501_00,
AK_M_1020408_005,AK-10204-502,AK-10204-801_00
AK_M_1020614_001,AK-10201-501_00,
AK_M_1020902_005,AK-10102-603_00,
AK_M_1021005_005,AK-10202-801_00,
AK_M_1021005_006,AK-10202-501_00,AK-10202-601_00
AK_M_1021006_004,AK-10202-802_00,
AK_M_1021007_002,AK-10202-602_00,
AK_M_1021010_005,AK-10202-803_00,
AK_M_1021010_006,AK-10202-006_00,
AK_M_1021103_001,AK-10203-802_00,
AK_M_1021103_002,AK-10203-501_00,AK-10203-503_00
AK_M_1021103_008,AK-10203-809_00,
AK_M_1021109_007,AK-10203-504,AK-10203-803_00
AK_M_1021109_010,AK-10203-808_00,
AK_M_1021109_011,AK-10203-804_00,
AK_M_1021113_003,AK-10203-805_00,
AK_M_1021115_007,AK-10203-010,
AK_M_1021116_020,AK-10203-602_00,
AK_M_1021207_002,AK-10212-503,AK-10203-503
AK_M_1021208_004,AK-10203-502_00,
AK_M_1021211_010,AK-10203-603,
AK_M_1021211_020,AK-10203-601_00,
AK_M_1021211_020_001,,
AK_M_1021212_017,AK-10203-807_00,
AK_M_1021212_018,AK-10203-806_00,AK-10203-504_00
AK_M_1030104_001,AK-10301-502,AK-10301-502_00
AK_M_1030106_002,AK-10301-802_00,
AK_M_1030106_003,AK-10301-804,
AK_M_1030107_002,AK-10301-501_00,
AK_M_1030107_025,AK-10301-801_00,
AK_M_1030305_003,AK-10303-601,AK-10303-601_00
AK_M_1030308_003,AK-10303-602_00,
AK_M_2020102_009,AK-20201-801_00,
AK_M_2020107_005,AK-20201-802_00,
AK_M_2020111_005,AK-20201-602_00,
AK_M_2020111_011,AK-20201-603_00,
AK_M_2020120_011,AK-20202-501,AK-20202-501_00
AK_M_2020123_010,AK-20202-601_00,
AK_M_2020301_002,AK-20201-501_00,
AK_M_2020303_017,AK-20202-801_00,
AK_M_2030108_003,AK-20301-520,AK-20301-520_00
AK_M_2030108_005,AK_R_2030108_022,AK-20301-028_00
AK_M_2030108_006,AK-20301-505_00,
AK_M_2030111_002,AK-20301-506,AK-20301-506_00
AK_M_2030111_004,AK-20301-601_00,
AK_M_2030111_005,AK-20301-502_00,
AK_M_2030111_008,AK-20301-507,AK-20301-507_00
AK_M_2030111_009,AK-20301-503_00,
AK_M_2030111_010,AK-20301-508,AK-20301-508_00
AK_M_2030112_006,AK-20301-501,AK-20301-501_00
AK_M_2030112_009,AK-20301-011_00,
AK_M_2030112_012,AK-20301-018,
AK_M_2030112_013,AK-20301-510,AK-20301-510_00
AK_M_2030112_017,AK-20301-602_00,AK-20301-509_00
AK_M_2040108_002,AK-20505-501_00,
AK_M_2050513_004,AK-20401-601_00,
AK_M_2060205_005,AK-20602-601,AK-20602-601_00
AK_M_2070114_011,AK-20701-502_00,
AK_M_2070114_030,AK-20701-501_00,AK-20701-504_00
AK_M_2070115_004,AK-20701-605_00,
AK_M_2070115_012,AK-20701-503,AK-20701-503_00
AK_M_2070115_015,AK-20701-802_00,
AK_M_2070115_017,AK-20701-701_00,
AK_M_2080000_004,AK-20301-504_00,
AK_M_3010115_017,AK-30101-502_00,AK-30101-602_00
AK_M_3010122_001,AK-30101-500,AK-30101-503_00
AK_M_3010123_005,AK-30101-601_00,AK-30101-501_00
AK_M_3010207_004,AK-30102-604_00,
AK_M_3010207_023,AK-30102-501,AK-30102-501_00
AK_M_3010208_002,AK-30102-605_00,
AK_M_3010208_005,AK-30102-606_00,AK-30401-601_00
AK_M_3010208_008,AK-30102-502,
AK_M_3010208_009,AK-30102-602_00,
AK_M_3010208_022,AK-30102-603_00,
AK_M_3010211_003,AK-30102-608_00,
AK_M_3010211_012,AK-30102-607_00,
AK_M_3010300_177,AK-30103-501_00,
AK_M_3010400_006,AK-30104-601_00,
AK_M_5010517_002,AK-50104-801_00,
AK_M_5040316_002,AK-50403-601_00,
AK_M_5040316_003,AK-50301-601,AK-50301-601_00
AK_M_6040116_001,AK-60402-601_00,
AK_R_1010203_005,AK-10102-002_00,
AK_R_1010204_001,AK-10102-003_00,
AK_R_1010204_002,AK-10102-005_00,
AK_R_1010204_003,AK-10102-006_00,
AK_R_1010204_009,AK-10102-007,AK-10102-007_00
AK_R_1010205_009,AK-10102-001_00,
AK_R_1010205_012,AK-10102-004_00,
AK_R_1010301_002,AK-10103-009_00,
AK_R_1010301_004,AK-10103-010,
AK_R_1010301_005,AK-10103-012,
AK_R_1010301_006,AK-10103-013,
AK_R_1010301_007,AK-10103-014,
AK_R_1010301_008,AK-10103-015,
AK_R_1010304_002,AK-10103-007_00,
AK_R_1010305_005,AK-10103-031_00,
AK_R_1010313_006,AK-10103-023_01,
AK_R_1010402_001,AK-10101-001_00,
AK_R_1010504_005,,
AK_R_1010601_009,AK-10101-002,
AK_R_1020408_002,AK-10204-001_00,
AK_R_1020408_006,AK-10204-004,
AK_R_1020408_007,AK-10204-003,
AK_R_1020408_008,AK-10204-002_00,
AK_R_1020709_011,,
AK_R_1021005_003,AK-10202-001_00,
AK_R_1021010_009,AK-10202-002,
AK_R_1021102_001,AK-10203-006_00,
AK_R_1021102_004,AK-10203-004_00,
AK_R_1021210_001,AK-10203-001_00,
AK_R_1021211_002,AK-10203-007_00,
AK_R_1021211_003,AK-10203-009,AK-10203-008_00
AK_R_1021212_004_001,AK-10203-002_00,
AK_R_1021212_005,AK-10203-003_00,
AK_R_1021212_006,AK-10203-005_00,
AK_R_1021212_007,AK-10203-008,
AK_R_1030102_002,AK-10301-009_00,
AK_R_1030106_014,AK-10301-004_00,
AK_R_1030106_017_001,AK-10301-001_00,
AK_R_1030106_021,AK-10301-006_00,
AK_R_1030106_022,AK-10301-002_00,
AK_R_1030106_029,AK-10301-011_00,
AK_R_1030106_036,AK-10301-005_00,
AK_R_1030106_037,AK-10301-017_00,AK-10301-017
AK_R_1030106_038,AK-10301-014_00,
AK_R_1030107_001,AK-10301-007_00,
AK_R_1030107_002,AK-10301-008_00,
AK_R_1030107_012,AK-10301-012_00,
AK_R_1030107_014,AK-10301-010_00,
AK_R_1030214_001,AK-10302-002,
AK_R_1030214_002,AK-10302-001,
AK_R_1030301_003,AK-10303-009,
AK_R_1030302_007,AK-10303-004_00,AK-10303-601R_00
AK_R_1030310_002,AK-10303-003_00,
AK_R_1030312_006,AK-10303-001_00,
AK_R_1030315_009,AK-10303-002_00,
AK_R_1030315_010,AK-10301-003_00,
AK_R_1030407_006,AK-10301-018,AK-10301-018_00
AK_R_1040202_001,AK-10402-001,
AK_R_1040203_011,AK-10402-002,
AK_R_1040517_008,AK-10405-001,
AK_R_1040518_008,AK-10401-002_00,
AK_R_1040521_005,AK-10401-001_00,
AK_R_2010102_004,AK-20101-001,
AK_R_2010102_005,AK-20101-004,
AK_R_2010104_009,AK-20101-002,
AK_R_2010105_002,AK-20101-009,
AK_R_2010115_002,AK-20101-005,
AK_R_2010118_007,AK-20101-007,
AK_R_2010118_008,AK-20101-008,
AK_R_2010206_002,AK-20102-001,AK-20102-001_00
AK_R_2010221_001,AK-20102-002,
AK_R_2010224_004,AK-20102-005,
AK_R_2010229_010,AK-20102-003,
AK_R_2010229_013,AK-20102-004,
AK_R_2010312_002,AK-20103-013,
AK_R_2010312_003,AK-20103-027,
AK_R_2010314_002,AK-20103-005,
AK_R_2010314_003,AK-20103-030,
AK_R_2010314_004,AK-20103-031,
AK_R_2010315_003,AK-20103-041,
AK_R_2010315_004,AK-20103-035,
AK_R_2010315_007,AK-20103-040,
AK_R_2010316_001,AK-20103-039,
AK_R_2010316_006,AK-20103-033,
AK_R_2010316_012,AK-20103-034,
AK_R_2010316_013,AK-20103-032,
AK_R_2010317_003,AK-20103-006,
AK_R_2010318_004,AK-20103-007,
AK_R_2010319_005,AK-20103-042,
AK_R_2010320_003,AK-20103-022,
AK_R_2010321_006,AK-20103-008,
AK_R_2010321_008,AK-20103-015,
AK_R_2010321_011,AK-20103-025,
AK_R_2010321_013,AK-20103-001,
AK_R_2010322_004,AK-20103-028,
AK_R_2010322_005,AK-20103-038,
AK_R_2010322_012,AK-20103-010,
AK_R_2010322_013,AK-20103-004,
AK_R_2010322_019,AK-20103-019,
AK_R_2010322_021,AK-20103-044,
AK_R_2010322_022,AK-20103-003,
AK_R_2010323_001,AK-20103-009,
AK_R_2010323_007,AK-20103-023,
AK_R_2010323_009,AK-20103-014,
AK_R_2010323_010,AK-20103-029,
AK_R_2010324_001,AK-20103-011,
AK_R_2010324_002,AK-20103-002,
AK_R_2010324_003,AK-20103-037,
AK_R_2010325_001,AK-20103-016,
AK_R_2010325_003,AK-20103-036,
AK_R_2010325_006,AK-20103-020,
AK_R_2010326_012,AK-20103-012,
AK_R_2010407_001,AK-20104-003,
AK_R_2010407_012,AK-20104-006,
AK_R_2010409_011,AK-20104-004,
AK_R_2010409_012,AK-20104-005,
AK_R_2010412_005,AK-20104-001_00,
AK_R_2010416_004,AK-20104-002,
AK_R_2010416_009,AK-20201-003,
AK_R_2020111_001,AK-20201-001,
AK_R_2020111_005,AK-20201-002,
AK_R_2020120_003,AK-20202-001,AK-20202-001_00
AK_R_2020205_005,AK-20202-002,
AK_R_2020205_019,AK-20202-004,
AK_R_2020205_023,AK-20202-003,
AK_R_2030104_003,AK-20301-015,AK-20301-015_00
AK_R_2030105_001,AK-20301-005_00,
AK_R_2030106_003,AK-20301-002_00,
AK_R_2030107_001,AK-20301-004_00,
AK_R_2030107_003,AK-20301-007_00,AK-20301-027_00
AK_R_2030107_008,AK-20301-016,AK-20301-016_00
AK_R_2030107_009,AK-20301-022,
AK_R_2030107_010,AK-20301-025,AK-20301-025_00
AK_R_2030107_011,AK-20301-030,
AK_R_2030108_002,AK-20301-006,AK-20301-006_00
AK_R_2030108_006,AK-20301-008_00,
AK_R_2030108_008,AK-20302-101,
AK_R_2030108_009,AK-20301-012_00,
AK_R_2030108_010,AK-20301-009_00,
AK_R_2030108_014,AK-20301-010_00,
AK_R_2030108_016,AK-20301-023,AK-20301-023_00
AK_R_2030108_017,AK-20301-003_00,
AK_R_2030108_021,AK-20301-021,AK-20301-021_00
AK_R_2030108_023,AK-20301-020,AK-20301-020_00
AK_R_2030108_024,AK-20301-026,AK-20301-026_00
AK_R_2030108_025,AK-20301-024,AK-20301-024_00
AK_R_2030108_026,AK-20301-001_00,
AK_R_2030111_001,AK-20301-029,
AK_R_2030111_010,AK-20301-013_00,
AK_R_2030112_001,AK-20301-017,
AK_R_2030112_002,AK-20301-014,AK-20301-014_00
AK_R_2030204_023,AK-20302-003_00,
AK_R_2030204_026,AK-20302-001_00,
AK_R_2030205_010,AK-20301-019,AK-20301-019_00
AK_R_2030205_017,AK-20302-002_00,
AK_R_2030207_002,AK-20302-013,
AK_R_2030207_004,AK-20401-415_00,
AK_R_2030207_005,AK-20401-416_00,AK-20401-008_00
AK_R_2030207_007,AK-20401-026,AK-20401-414_00
AK_R_2030210_003,AK-20302-014,
AK_R_2030211_007,AK-20302-008_00,
AK_R_2030214_001,AK-20302-011,
AK_R_2030214_007,AK-20302-005_00,
AK_R_2030216_002,AK-20302-009_00,
AK_R_2030217_001,AK-20302-006_00,
AK_R_2030218_001,AK-20302-007_00,
AK_R_2030218_002_001,AK-20302-005_00,
AK_R_2030218_002_002,AK-20302-005_00,
AK_R_2030218_006,AK-20302-010,
AK_R_2030218_007,AK-20302-004,AK-20302-004_00
AK_R_2030218_008,AK-20302-012,AK-20302-010_00
AK_R_2040101_002,AK-20402-403_00,
AK_R_2040102_002,AK-20401-001_00,
AK_R_2040103_003_001,AK-20401-025_00,AK-20302-601_00
AK_R_2040103_003_003,AK-20402-002_00,AK-20401-002_00
AK_R_2040104_002_001,AK-20401-020_00,
AK_R_2040105_002,AK-20505-407,
AK_R_2040105_003,AK-20505-011,
AK_R_2040105_004,AK-20505-006_00,
AK_R_2040106_001,AK-20401-004_00,
AK_R_2040106_004,AK-20401-017_00,
AK_R_2040107_002,AK-20401-006_00,
AK_R_2040107_003_001,AK-20401-024_00,
AK_R_2040107_004,AK-20401-021,AK-20401-021_00
AK_R_2040107_005,AK-20401-007_00,
AK_R_2040107_007,AK-20401-018_00,
AK_R_2040108_003,AK-20401-003_00,
AK_R_2040108_004_001,AK-20505-001_00,
AK_R_2040108_009,AK-20401-005_00,
AK_R_2040108_010,AK-20505-008_00,
AK_R_2040108_022,AK-20505-002_00,
AK_R_2040108_023,AK-20402-006,AK-20402-006_00
AK_R_2040207_013_002,AK-20402-001_00,
AK_R_2040212_002,AK-20402-003_00,
AK_R_2040212_007,AK-20402-004_00,
AK_R_2040212_009,AK-20402-005_00,
AK_R_2050115_001,AK-20501-001,AK-20501-001_00
AK_R_2050206_004,AK-20502-003,
AK_R_2050206_005,AK-20502-005,
AK_R_2050207_001,AK-20502-001,
AK_R_2050208_003,AK-20502-002,
AK_R_2050209_001,AK-20502-004,
AK_R_2050209_002,AK-20103-009,
AK_R_2050209_009,AK-20502-006,
AK_R_2050209_012,AK-20502-007,
AK_R_2050301_002,AK-20503-001_00,
AK_R_2050306_006,AK-20503-002_00,
AK_R_2050418_003,AK-20504-001_00,
AK_R_2050501_004,AK-20505-008,
AK_R_2050503_003,AK-20503-004,AK-20503-004_00
AK_R_2050503_015,AK-20503-003_00,
AK_R_2050506_017,AK-20505-003_00,
AK_R_2050509_002,AK-20505-010,
AK_R_2050510_009,AK-20505-007_00,
AK_R_2050512_016_003,AK-20505-004_00,
AK_R_2060118_001,AK-20601-003,
AK_R_2060118_002,AK-20601-002,
AK_R_2060118_005,AK-30601-004,
AK_R_2070114_006,AK-20701-001_00,
AK_R_2070115_004,AK-20701-002,AK-20701-002_00
AK_R_2070115_015,AK-20701-003,AK-20701-003_00
AK_R_2070117_002,AK-20701-004,
AK_R_2070215_009,AK-20702-001,
AK_R_2070215_013,AK-20702-002,
AK_R_3010300_001,AK-30103-001_00,
AK_R_3020211_003,AK-30202-001,AK-30202-001_00
AK_R_3020302_001,AK-30203-002_00,
AK_R_3020309_004,AK-30203-001_00,
AK_R_3020311_001_001,AK-30203-003,AK-30203-003_00
AK_R_3020415_002,AK-30204-023_00,
AK_R_3020415_004,AK-30204-001_00,
AK_R_3020415_008,AK-30204-002_00,
AK_R_3020607_001,AK-30206-003,AK-30206-003_00
AK_R_3020609_004,AK-30206-004,
AK_R_3020609_005,AK-30206-002,AK-30206-002_00
AK_R_3020612_001,AK-30206-001,AK-30206-001_00
AK_R_3030210_006,AK-30302-003,AK-30302-003_00
AK_R_3030211_002,AK-30302-001,
AK_R_3030310_001,AK-30304-002_00,
AK_R_3030401_001,AK-30304-003,
AK_R_3030405_013,AK-30304-001_00,
AK_R_3050101_006_008,AK-30501-004,
AK_R_3050101_009,AK-30501-003,
AK_R_3050108_007,AK-30501-002,
AK_R_3050205_003,AK-30502-003_01,
AK_R_3050276_002,AK-30502-001_00,
AK_R_3050284_008,AK-30502-004_00,
AK_R_3050287_010,AK-30502-006,
AK_R_5010100_001,AK-50101-001_00,
AK_R_5010315_018,AK-50104-013,
AK_R_5010412_015,AK-50104-007_00,
AK_R_5010412_051,AK-50104-006_00,
AK_R_5010412_052,AK-50104-001_00,
AK_R_5010416_048,AK-50104-003_00,
AK_R_5010417_003,AK-50104-008_00,
AK_R_5010417_014,AK-50104-010,
AK_R_5010417_016,AK-50104-011,
AK_R_5010417_026,AK-50104-009,
AK_R_5010417_032,AK-50104-012,
AK_R_5010417_038,AK-50104-002_00,
AK_R_5010419_023,AK-50104-004_00,
AK_R_5010421_028,AK-50104-005_00,
AK_R_5030212_006,AK-50302-001,
AK_R_5030408_001,AK-50304-001,AK-50304-001_00
AK_R_5040408_001,AK-50404-001_01,
AK_R_5040408_002,AK-50404-001_02,
AK_R_5040408_003,AK-50404-002_00,
AK_R_5040409_002,AK-50404-003,AK-50404-003_00
AK_R_6030319_002,AK-60303-001_00,
AK_R_6040113_001,AK-60401-001_00,
AK_R_6040216_002,AK-60402-001_00,
AK_R_7040202_010,AK-70402-006,
AK_R_7040204_005,AK-70402-007,
AK_R_7040215_004,AK-70402-004,
AK_R_7040215_007,AK-70402-003,
AK_R_7040216_001,AK-70402-002,
AK_R_7040216_004,AK-70402-005,
AK_R_7040217_004,AK-70402-001,
AK_R_7050222_010,AK-40104-001_00,
AK_R_7050506_013,AK-70505-001,
AK_R_7050603_003,AK-70506-001,
AK_R_7050606_005,AK-40401-001_00,
AK_R_7050610_007,AK-70506-006,
AK_R_7050611_001,AK-70506-007,
AK_R_7050611_002,AK-70506-004,
AK_R_7050612_001,AK-70506-003,
AK_R_7050612_002,AK-70506-008,
AK_R_7050614_002,AK-70506-002,
AK_R_7050617_008,AK-70506-005,
AK_R_8010515_002,AK-40205-001,AK-40205-001_00
AK_R_8030102_007,AK-80301-009,
AK_R_8030103_004,AK-80301-010,
AK_R_8030103_008,AK-80301-014,
AK_R_8030103_009,AK-80301-005,
AK_R_8030103_013,AK-80301-012,
AK_R_8030103_029,AK-80301-015,
AK_R_8030107_002,AK-80301-016,
AK_R_8030109_002,AK-80301-013,
AK_R_8030112_008,AK-40501-001_00,
AK_R_8030113_002,AK-80301-001,
AK_R_8030113_003,AK-80301-011,
AK_R_8030113_005,AK-80301-003,
AK_R_8030113_008,AK-80301-002,
AK_R_8030113_011,AK-80301-004,
AK_R_8030114_004,AK-80301-017,
AK_R_8030313_002,AK-40503-001_00,
AK_R_8030508_011,AK-40505-001_00,
AK_R_8030609_003,AK-40506-007_00,
AK_R_8030609_004_001,AK-40506-002_00,
AK_R_8030609_004_002,AK-40506-002_00,
AK_R_8030609_017,AK-40506-003_00,
AK_R_8030709_008,AK-40507-004,AK-40507-004_00
AK_R_8030710_002_001,AK-40506-009_00,
AK_R_8030710_004,AK-40507-001_00,
AK_R_8030710_005,AK-40507-002_00,
AK_R_8030713_001,AK-40507-006,AK-40507-006_00
AK_R_8030713_004,AK-40507-005,AK-40507-005_00
AK_R_8030803_001,AK-80308-007,
AK_R_8030807_026,AK-80308-008,
AK_R_8030809_009,AK-40508-002,AK-40508-002_00
AK_R_8030810_005,AK-80308-006,
AK_R_8030810_007,AK-80308-002,
AK_R_8030811_003,AK-80308-004,
AK_R_8030811_004,AK-80308-009,
AK_R_8030811_006,AK-80308-003,
AK_R_8030811_008,AK-80308-005,
AK_R_8030811_009,AK-80308-010,
AK_R_8030906_009,AK-40509-002,AK-40509-002_00
AK_R_8030907_014_001,AK-40509-001_00,
AK_R_8031001_001,AK-80310-018,
AK_R_8031008_001,AK-80310-022,AK-20503-004_00
AK_R_8031008_004,AK-80310-025,
AK_R_8031014_008,AK-80310-007,
AK_R_8031014_014,AK-80310-026,
AK_R_8031014_020,AK-80310-004,
AK_R_8031014_021,AK-80310-005,
AK_R_8031014_022,AK-80310-006,
AK_R_8031016_002,AK-40510-001,AK-40510-001_00
AK_R_8031017_003,AK-40510-005,AK-40502-101_00
AK_R_8031017_006,AK-40510-002,
AK_R_8031017_007,AK-80310-016,
AK_R_8031018_004,AK-80310-028,
AK_R_8031018_005,AK-80310-011,
AK_R_8031018_007,AK-80310-014,
AK_R_8031018_009,AK-80310-009,
AK_R_8031018_010,AK-80310-008,
AK_R_8031018_015,AK-40510-003,AK-40501-101_00
AK_R_8031018_019,AK-80310-010,
AK_R_8031019_001,AK-80310-024,
AK_R_8031024_003,AK-80310-019,
AK_R_8031024_005,AK-80310-003,
AK_R_8031024_009_001,AK-40510-004,
AK_R_8031024_010,AK-80310-020,
AK_R_8031024_011,AK-80310-001,
AK_R_8031024_012,AK-80310-013,
AK_R_8031024_013,AK-80310-002,
AK_R_8031025_001,AK-80310-017,
AK_R_8031025_003,AK-80310-015,
AK_R_8031026_008,AK-80310-023,
AK_R_8031026_013,AK-80310-021,
AK_R_8031118_013,AK-40506-010_00,AK-40507-003_00
AK_R_8040102_004,AK-40402-001_02,
AK_R_8040102_006,AK-40402-001_04,
AK_R_8040102_009,AK-40402-001_03,
AK_R_8040102_012_002,AK-40402-001,
AK_R_8040102_017,AK-40402-001_01,
AK_R_8040108_002,AK-40402-010_09,
AK_R_8040108_005_001,AK-40402-010_07,
AK_R_8040108_006,AK-80401-007,
AK_R_8040108_007_002,AK-40402-010_06,
AK_R_8040108_008,AK-40402-010_05,
AK_R_8040108_017,AK-40402-010_10,
AK_R_8040108_019_001,AK-40402-010_02,
AK_R_8040108_022,AK-40402-010_04,
AK_R_8040108_024_001,AK-40402-010_03,
AK_R_8040108_027,AK-40402-010_08,
AK_R_8040411_021,AK-40404-001_00,
AK_R_9010105_007,,
AK_R_9010813_003,AK-40608-002,AK-40608-002_00
AK_R_9010813_009,AK-40608-001_00,
AK_R_9020405_010,AK-40703-001_00,
AK_R_9020511_017,AK-40705-001,
AK_R_9020521_002,AK-40705-002,AK-40705-002_00
AK_R_9030528_004,AK-30502-002_00,
AK_R_1010305_005,AK-10103-008_00,
AK-10103-501_00,,
AK_R_1010302_005,AK-10103-603_00,
AK-20202-802,,
AK-20202-804,,
AK-20202-805,,
AK-20202-808,,
AK-20202-809,,
AK-20202-811,,
AK-20202-812,,
AK-20202-813,,
AK-20202-814,,
AK-20202-815,,
AK-20202-816,,
AK-20202-817,,
AK-20202-818,,
AK-20202-819,,
AK-20202-821,,
AK_R_2050503_003,AK-20505-009,
AK_R_2060118_002,AK-20601-001,
AK-80310-401,,
AK_B_1010203_005,AK_B_1010203_001,
