MonitoringLocationIdentifier,MonitoringLocationName,MonitoringLocationTypeName,AUID_ATTNS,Name_AU,HUC10_ID,dist_to_AU_m,Longitude,Latitude,NameSimilarityScore
USGS-15258000,,Stream,AK_R_2030212_009,Shackleford Creek,1902030212,1356.53852705152,-149.80992030000002,60.49219269000001,
USGS-15565447,,Stream,AK_R_9030423_034,Yukon River,1909030423,497.93380459015,-162.8829356,61.93368660000001,
USGS-15292700,,Stream,AK_R_2050306_006,Talkeetna River,1902050306,21.7298837173449,-150.019201,62.34643879999997,
USGS-15085100,,Stream,AK_R_1010304_005,Old Tom Creek,1901010304,21.3983987090537,-132.4086268,55.3951944,
USGS-15302000,,Stream,AK_R_3030117_002,Nuyakuk River,1903030117,72.3925391382853,-158.1900062,59.93483000000001,
USGS-15284000,,Stream,AK_R_2040207_013_001,Matanuska River,1902040207,26.4390727267962,-149.0730432,61.608631199999984,
USGS-15261000,,Stream,AK_R_2030214_001,Cooper Creek,1902030214,41.6103511109117,-149.882711,60.479979499999985,
USGS-15295700,,Stream,AK_R_2070103_001,Terror River,1902070103,19.2645600015726,-153.1639087,57.69397807000001,
USGS-15087700,,Stream,AK_R_1021211_002,Indian River,1901021211,2.38624768901933,-135.3162085,57.052971189999994,
USGS-15088000,,Stream,AK_R_1021211_003,Sawmill Creek (Sitka),1901021211,21.655969065701,-135.2295402,57.05102670000002,
USGS-15058700,,Stream,AK_R_1010204_002,Hoadley Creek,1901010204,1439.14323293039,-131.7005736,55.34243019999999,
USGS-15081497,,Stream,AK_R_1010310_007,Staney Creek,1901010310,35.5302471062114,-133.1103222,55.8010287,
USGS-15056200,,Stream,AK_R_1030301_004,West Creek,1901030301,38.1779881229993,-135.3546086,59.52606289999998,
USGS-15056210,,Stream,AK_R_1030301_003,Taiya River,1901030301,74.5282254558461,-135.3462752,59.51161829999998,
USGS-15304010,,Stream,AK_R_3050108_005,Crooked Creek,1903050108,14.1289811244789,-158.156842,61.889300599999984,
USGS-15294080,,Stream,AK_R_2050509_003,Kroto Creek,1902050509,12.216908708645,-150.5386667,62.1328333,
USGS-15260001,,Stream,AK_R_2030214_001,Cooper Creek,1902030214,17.2076713837943,-149.8245278,60.434416670000026,
USGS-15200280,,Stream,AK_R_2010206_002,Gulkana River,1902010206,38.8078441561409,-145.5330154,62.520391800000034,
USGS-15057596,,Stream,AK_R_1030214_001,Salmon River,1901030214,0.0359591678275378,-135.7418302,58.444657280000015,
USGS-15239070,,Stream,AK_R_2030111_002,Bradley River,1902030111,39.2019484428316,-150.8849079,59.80107399000001,
USGS-15292800,,Stream,AK_R_2050501_004,Montana Creek,1902050501,39.984268853409,-150.0597486,62.10476189999998,
USGS-15293700,,Stream,AK_R_2050505_002,Little Willow Creek,1902050505,2.95713646225605,-150.0972379,61.80974586000001,
USGS-15302250,,Stream,AK_R_3030211_002,Koktuli River - North Fork,1903030211,43.4194369873207,-155.7185564,59.84246819999998,
USGS-15310002,,Stream,AK_R_7050213_009,Mosquito Fork,1907050213,14.2859951685708,-142.5283333,64.03444439999996,
USGS-15297475,,Stream,AK_R_2070113_002,Red Cloud River,1902070113,93.5451754060188,-152.6244165,57.81592177999996,
USGS-15493000,,Stream,AK_R_8030606_001,Chena River,1908030606,2.33324370507801,-146.3613333,64.90197220000003,
USGS-15515048,,Stream,AK_R_8030720_019,Marguerite Creek,1908030720,1.02173263341302,-148.761111,63.97388889000002,
USGS-15515060,,Stream,AK_R_8030720_019,Marguerite Creek,1908030720,19.6986577080336,-148.7281673,64.00843370000003,
USGS-15297610,,Stream,AK_R_3010122_001,Delta Creek,1903010122,23086.4016722989,-162.6895109,55.176905899999994,
USGS-15294005,,Stream,AK_R_2050506_017,Willow Creek,1902050506,106.897163790166,-149.8866786,61.78030345999997,
USGS-15290000,,Stream,AK_R_2050512_016_009,Little Susitna River,1902050512,23.1504544808762,-149.231938,61.709743300000014,
USGS-15283700,,Stream,AK_R_2040207_014,Moose Creek,1902040207,5.64729383079727,-149.0524167,61.684388890000015,
USGS-15580095,,Stream,AK_R_5010407_030,Niukluk River,1905010407,51.5701553985905,-163.67,64.89194439999999,
USGS-15908000,,Stream,AK_R_6040208_003,Sagavanirktok River,1906040208,9.3223953408453,-148.8177778,69.01583330000003,
USGS-15276000,,Stream,AK_R_2040104_002_002,Ship Creek,1902040104,0.0390741834326962,-149.6372008,61.22500619000002,
USGS-15293200,,Stream,AK_R_2050504_002,Kashwitna River,1902050504,1.01433256173106,-150.0713889,61.92388889000001,
USGS-15129500,,Stream,AK_R_1040518_008,Situk River,1901040518,34.2857792389544,-139.4941877,59.58636636000003,
USGS-15300300,,Stream,AK_R_3020602_002,Iliamna River,1903020602,37.5670657267966,-153.8468866,59.757949900000014,
USGS-15564879,,Stream,AK_R_9010106_012,Slate Creek,1909010106,43.0803651651832,-150.1772222,67.25444439999998,
USGS-15519100,,Stream,AK_R_8030902_025,Tolovana River,1908030902,4.33560672853311,-148.6311143,65.4648407,
USGS-15215900,,Stream,AK_R_2010415_001,Glacier River,1902010415,141.019236072543,-145.3806148,60.5327973,
USGS-15803000,,Stream,AK_R_6020306_002,Meade River,1906020306,134.488699477721,-157.395848,70.4953764,
USGS-15238986,,Stream,AK_R_2030111_001,Battle Creek,1902030111,1.23191375286656,-150.955177,59.76173646,
USGS-15239900,,Stream,AK_R_2030107_001,Anchor River,1902030107,24.1674045894797,-151.7552124,59.74660897000007,
USGS-15896000,,Stream,AK_R_6040113_001,Kuparuk River,1906040113,155.783071993978,-148.962786,70.28138539000003,
USGS-15348000,,Stream,AK_R_7050222_010,Fortymile River,1907050222,43.6782308427719,-141.4045168,64.30885519999998,
USGS-15515500,,Stream,AK_R_8030722_002,Tanana River,1908030722,139.58554509425,-149.094,64.56494440000002,
USGS-15280999,,Stream,AK_R_2040212_002,Bodenburg Creek,1902040212,4.93810184195325,-149.0418889,61.523388889999964,
USGS-15747000,,Stream,AK_R_5040409_002,Wulik River,1905040409,78.3224634024477,-163.6773733,67.87544050000004,
USGS-15302200,,Stream,AK_R_3030211_001,Koktuli River,1903030211,16.4518721531463,-155.5246895,59.79263759999998,
USGS-15266300,,Stream,AK_R_2030218_002_002,Kenai River,1902030218,10.9891906668162,-151.0816675,60.476928900000026,
USGS-15302812,,Stream,AK_R_3030305_001,Kokwok River,1903030305,8.73705546435152,-157.8041667,59.415000000000035,
USGS-15484000,,Stream,AK_R_8030508_008,Salcha River,1908030508,19.5749846074539,-146.9280556,64.47152777999999,
USGS-15330000,,Stream,AK_R_7050203_011,North Fork Fortymile River,1907050203,75.9746777760416,-142.21625,64.46683329999999,
USGS-15086225,,Stream,AK_R_1010301_002,Hatchery Creek,1901010301,25.5814893958705,-132.9308333,55.90861110000002,
USGS-15292000,,Stream,AK_R_2050124_008,Susitna River,1902050124,70.9902768811913,-149.6933794,62.76728990000004,
USGS-15052000,,Stream,AK_R_1030106_017_002,Lemon Creek,1901030106,52.2055628030628,-134.42260620000002,58.39134289999998,
USGS-15068040,,Stream,AK_R_1010205_006,Leask Creek,1901010205,49.72640903732,-131.5244658,55.51909057000001,
USGS-15236900,,Stream,AK_R_2020122_002,Wolverine Creek,1902020122,4.54719458517351,-148.8987624,60.369958580000024,
USGS-15331000,,Stream,AK_R_7050207_010,Middle Fork Fortymile River,1907050207,70.8754056196569,-142.2215,64.4708611,
USGS-15519030,,Stream,AK_R_8030902_015,Livengood Creek,1908030902,30.6646391689681,-148.5463889,65.52297220000001,
USGS-15209700,,Stream,AK_R_2010321_010,Kennicott River,1902010321,5.05115483721099,-142.9426256,61.43372655999999,
USGS-694539144091500,,Stream,AK_R_6050209_001,Hulahula River,1906050209,127.327563768972,-144.1569253,69.76063708,
USGS-694306143142500,,Stream,AK_R_6050203_001,Okerokovik River,1906050203,88.5641253191533,-143.243005,69.71815909000004,
USGS-15209770,,Stream,AK_R_2010321_002,Bonanza Creek,1902010321,838.270161415265,-142.8866167,61.48468889000009,
USGS-15219000,,Stream,AK_R_2020106_003,West Fork Olsen Bay Creek,1902020106,4.02136311932281,-146.174225,60.76086589999999,
USGS-695038146271000,,Stream,AK_R_6050109_001,Canning River,1906050109,89.2655190909206,-146.4556409,69.84364510000006,
USGS-694733144490000,,Stream,AK_R_6050213_001,Marsh Creek,1906050213,29.4208356471238,-144.819448,69.79228689999995,
USGS-693523142580300,,Stream,AK_R_6050415_001,Aichilik River,1906050415,30.3852227990769,-142.9702107,69.58954909999996,
USGS-694207143142300,,Stream,AK_R_6050203_001,Okerokovik River,1906050203,25.5154042225157,-143.2424479,69.70176940000005,
USGS-695225145120000,,Stream,AK_R_6050214_002,Katakturuk River,1906050214,23.674613818672,-145.2028048,69.87339707999999,
USGS-700438145423500,,Stream,AK_R_6050111_001,Canning River,1906050111,716.757049292709,-145.712584,70.07701219,
USGS-694147144121000,,Stream,AK_R_6050209_001,Hulahula River,1906050209,17.6903638331099,-144.2055334,69.6961847,
USGS-693702143410600,,Stream,AK_R_6050204_002,Jago River,1906050204,40.5577393781332,-143.6877252,69.61703289999998,
USGS-15008010,,Stream,AK_R_1010601_012,Texas Creek,1901010601,12.4098300480952,-130.0732889,56.02802219999999,
USGS-15129100,,Stream,AK_R_1040421_001,Alsek River,1901040421,751.247720465516,-138.19064,59.19610029999998,
USGS-15056560,,Stream,AK_R_1030312_006,Klehini River,1901030312,45.5094189513138,-135.998797,59.412726000000006,
GTC_WQX-GTC-KR,Kuskokwim River 1 (KR-1),River/Stream,AK_R_3050101_006_001,Kuskokwim River (Georgetown),1903050101,3.15762484471949,-157.7021,61.89593999999998,0.8
GTC_WQX-GTC-GR,George River 1 (GR-1),River/Stream,AK_R_3050107_005,George River,1903050107,31.9294642236266,-157.7139,61.89813999999998,0.86
GTC_WQX-CHU-A,Site A-CHU,River/Stream,AK_R_3050124_006,Kuskokwim River,1903050124,233.630663477488,-159.334,61.58728000000002,0.44
GTC_WQX-CHU-B,Site B-CHU,River/Stream,AK_R_3050124_006,Kuskokwim River,1903050124,122.13910128742,-159.2514,61.570429999999995,0.44
GTC_WQX-CHU-C-KRMC,Site C - 100' above Confluence of Kuskokwim River on Mission Creek,River/Stream,AK_R_3050124_006,Kuskokwim River,1903050124,155.073238294416,-159.252,61.56792999999998,0.38
GTC_WQX-CHU-D-MC,Site D - 200' Upstream Mission Creak,River/Stream,AK_R_3050124_006,Kuskokwim River,1903050124,157.965294571169,-159.217,61.568249999999985,0.39
GTC_WQX-CHU-E-OL,Site E - Outlet of Man made lake NE of new airport,River/Stream,AK_R_3050124_006,Kuskokwim River,1903050124,303.549711294992,-159.0413,61.58747000000003,0.34
GTC_WQX-ANI-M,ANI-Mouth,River/Stream,AK_R_3050123_001,Aniak River,1903050123,33.83991609913,-159.492,61.57072999999996,0.4
GTC_WQX-ANI-S,ANI-Slough,River/Stream,AK_R_3050205_001,Aniak Slough,1903050205,2.45975381328005,-159.529,61.572589999999984,0.76
GTC_WQX-ANI-B,ANI-Barge,River/Stream,AK_R_3050205_003,Kuskokwim River,1903050205,9.65501717057669,-159.616,61.59816,0.39
GTC_WQX-ANI-UK,ANI-Upper K,River/Stream,AK_R_3050124_006,Kuskokwim River,1903050124,24.1273271415456,-159.447,61.593029999999985,0.32
LEVELOCK-LVC 1,Kvichak River,River/Stream,AK_R_3020614_003,Kvichak River,1903020614,22.0344176198555,-156.3538,59.25090000000004,1
LEVELOCK-LVC 2,Yellow Creek,River/Stream,AK_R_3020622_006,Kvichak River,1903020622,1947.78235291787,-156.6897,59.180199999999985,0.42
LEVELOCK-LVC 3,Branch River,River/Stream,AK_R_3020620_001,Alagnak River,1903020620,153.06514034164,-156.6535,59.03280000000002,0.76
GTC_WQX-KR-1,Kuskokwim River 1,River/Stream,AK_R_3050101_006_001,Kuskokwim River (Georgetown),1903050101,3.15762484471949,-157.7021,61.89593999999998,0.84
GTC_WQX-GR-1,George River 1,River/Stream,AK_R_3050107_005,George River,1903050107,31.9294642236266,-157.7139,61.89813999999998,0.95
AKDECAKMAP-SDM17-South Unuk River,Unuk River,River/Stream,AK_R_1010504_004,Lake Creek,1901010504,15180.0303707995,-130.4454,56.359800000000035,0.52
AKDECAKMAP-SDM17-Unuk River 1,Unuk River 1,River/Stream,AK_R_1010504_005,Unuk River,1901010504,20347.5523778158,-130.5133,56.47326999999997,0.94
AKDECAKMAP-SDM17-Unuk River 1A,Unuk River 1A,River/Stream,AK_R_1010504_005,Unuk River,1901010504,22505.9386413279,-130.5029,56.49424999999998,0.92
AKDECAKMAP-SDM17-Unuk River 2,Unuk River 2,River/Stream,AK_R_1010504_005,Unuk River,1901010504,1817.78352501479,-130.7127,56.34256000000001,0.94
AKDECWQ-LS-1 km up,Little Susitna River 1 km upstream PUF boat launch,River/Stream,AK_R_2050512_016_003,Little Susitna River,1902050512,20.9687225717527,-150.16205,61.442379999999964,0.8
AKDECWQ-LS-0 PUF,Little Susitna River,River/Stream,AK_R_2050512_016_003,Little Susitna River,1902050512,12.9622085547174,-150.17657,61.43720999999999,1
AKDECWQ-TWC-Klehini-Upstream,Klehini River Upstream,River/Stream,AK_R_1030312_006,Klehini River,1901030312,175.67697099313,-136.34552,59.44072000000008,0.86
AKDECWQ-SDM17-LK,Klehini River 1,River/Stream,AK_R_1030312_006,Klehini River,1901030312,103.136326894685,-136.00375,59.41296000000002,0.96
AKDECWQ-SDM17-GL,Glacier Creek 1 (TWC),River/Stream,AK_R_1030312_003,Glacier Creek,1901030312,10.5010168628257,-136.30174,59.41746999999999,0.87
AKDECWQ-TWC-Glacier Creek,Galcier Creek,River/Stream,AK_R_1030312_003,Glacier Creek,1901030312,22.9431888383619,-136.37117,59.389140000000005,0.97
AKDECWQ-PHC-8,Pederson Hill Creek Site 8,River/Stream,AK_R_1030106_038,Pederson Hill Creek/Casa Del Sol,1901030106,6.7408975190321,-134.614767,58.36324600000002,0.85
AKDECWQ-PHC-10,Pederson Hill Creek Site 10,River/Stream,AK_R_1030106_038,Pederson Hill Creek/Casa Del Sol,1901030106,6.61532710703185,-134.624212,58.365764,0.84
AKDECWQ-PHC-11,Pederson Hill Creek Site 11,River/Stream,AK_R_1010204_003,Ketchikan Creek,1901010204,46.3596293014998,-131.620827,55.359743999999985,0.55
AKDECAKMAP-NRS18-AK-Taku1,Taku River,River/Stream,AK_R_1030407_006,Taku River,1901030407,41.4701060218076,-133.67850000000004,58.557900000000025,1
AKDECAKMAP-NRS18-AK-Taku2,Taku River,River/Stream,AK_R_1030407_006,Taku River,1901030407,444.100474944194,-133.9735,58.48399999999998,1
AKDECAKMAP-NRS18-AK-10165,Taku River,River/Stream,AK_R_1030407_006,Taku River,1901030407,300.225227027912,-133.9221,58.50210000000002,1
AKDECAKMAP-NRS18-AK-10167,Taku River,River/Stream,AK_R_1030407_006,Taku River,1901030407,831.933915928103,-133.6418,58.579099999999976,1
AKDECAKMAP-NRS18-AK-10159,Taku River,River/Stream,AK_R_1030407_006,Taku River,1901030407,43.3243902470202,-133.7479,58.53040000000005,1
AKDECAKMAP-NRS18-AK-10162,Taku River,River/Stream,AK_R_1030407_006,Taku River,1901030407,4.52300188178249,-133.7055,58.53880000000001,1
AKDECAKMAP-NRS18-AK-10160,Taku River,River/Stream,AK_R_1030407_006,Taku River,1901030407,37.4512394461011,-133.8541,58.51460000000001,1
AKDECAKMAP-NRS18-AK-10059,Harding River,River/Stream,AK_R_1010403_003,Harding River,1901010403,27.6307816559425,-131.7006,56.32530000000001,1
AKDECAKMAP-NRS18-AK-10060,Bradfield River,River/Stream,AK_R_1010402_004,North Fork Bradfield River,1901010402,219.97934950932,-131.4012,56.28020000000003,0.69
AKDECAKMAP-NRS18-AK-10143,Shakes Slough,River/Stream,AK_R_1020709_009,Shakes Slough,1901020709,10.2949652590563,-132.1079,56.716599999999985,1
AKDECAKMAP-NRS18-AK-10077,Hatchery Creek,River/Stream,AK_R_1010301_002,Hatchery Creek,1901010301,17.9693927814118,-132.9606,55.92459999999996,1
AKDECAKMAP-NRS18-AK-10139,Stikine River,River/Stream,AK_R_1020709_011,Stikine River,1901020709,36.1915036242406,-131.9988,56.67470000000003,1
AKDECAKMAP-NRS18-AK-10150,Stikine River,River/Stream,AK_R_1020709_011,Stikine River,1901020709,692.314773178602,-131.8389,56.65960000000001,1
AKDECAKMAP-NRS18-AK-10147,Stikine River,River/Stream,AK_R_1020709_011,Stikine River,1901020709,222.889191669194,-132.0451,56.70279999999993,1
AKDECAKMAP-NRS18-AK-10140,Alpine Creek,River/Stream,AK_R_1020709_006,Ketili River,1901020709,1348.44318058611,-132.0513,56.73230000000001,0.56
AKDECAKMAP-NRS18-AK-Stik1,Stikine River,River/Stream,AK_R_1020709_011,Stikine River,1901020709,216.764017522475,-132.1051,56.7096,1
AKDECAKMAP-NRS18-AK-Stik2,Stikine River,River/Stream,AK_R_1020709_011,Stikine River,1901020709,151.253150880163,-131.9352,56.66769999999999,1
AKDECAKMAP-NRS18-AK-10064,Stikine River,River/Stream,AK_R_1020711_005,Hooligan Slough,1901020711,702.450917779226,-132.2414,56.68530000000002,0.48
AKDECAKMAP-NRS18-AK-10049,Shaheen Creek,River/Stream,AK_R_1010310_006,Shaheen Creek,1901010310,2.55920061787603,-133.2247,55.72409999999999,1
AKDECAKMAP-NRS18-AK-10078,Wilson River,River/Stream,AK_R_1010510_005,Wilson River,1901010510,24.7961424149046,-130.6081,55.4113,1
AKDECAKMAP-NRS18-AK-10051,Keta River,River/Stream,AK_R_1010513_005,Keta River,1901010513,0.275812221651269,-130.45308,55.351229999999994,1
AKDECAKMAP-NRS18-AK-10129,Alsek River,River/Stream,AK_R_1040422_001,Alsek River,1901040422,102.705501925139,-138.3724,59.187899999999985,1
AKDECAKMAP-NRS18-AK-10123,Muddy Creek,River/Stream,AK_R_1040422_007,Muddy Creek,1901040422,28.7655406276256,-138.66980000000004,59.18069999999998,1
AKDECAKMAP-NRS18-AK-10016,Chilkat River,River/Stream,AK_R_1030311_001,Chilkat River,1901030311,1275.57962924215,-135.9746,59.44640000000002,1
AKDECAKMAP-NRS18-AK-10002,Chilkat River,River/Stream,AK_R_1030311_001,Chilkat River,1901030311,85.922323476667,-135.9419,59.417100000000026,1
AKDECAKMAP-NRS18-AK-10008,Herbert River,River/Stream,AK_R_1030105_003,Herbert River,1901030105,579.150611887095,-134.6944,58.5327,1
AKDECAKMAP-NRS18-AK-10007,Antler River,River/Stream,AK_R_1030103_001,Antler River,1901030103,38.1842255696596,-134.7797,58.849,1
AKDECAKMAP-NRS18-AK-10004,Neka River,River/Stream,AK_R_1021109_005,Neka River,1901021109,9.03064052244194,-135.8313,58.08040000000002,1
AKDECAKMAP-NRS18-AK-10009,Freds Creek,River/Stream,AK_R_1021212_003,Freds Creek,1901021212,61.6153108907891,-135.6056,57.065,1
AKDECAKMAP-NRS18-AK-10180,Unuk River,River/Stream,AK_R_1010504_005,Unuk River,1901010504,549.100740980128,-130.7339,56.33930000000001,1
AKDECAKMAP-NRS18-AK-10177,Unuk River,River/Stream,AK_R_1010504_005,Unuk River,1901010504,44.2133108133436,-130.919,56.18220000000001,1
AKDECAKMAP-NRS18-AK-10182,Unuk River,River/Stream,AK_R_1010504_005,Unuk River,1901010504,192.018878015034,-130.8973,56.19980000000002,1
AKDECAKMAP-NRS18-AK-10178,Unuk River,River/Stream,AK_R_1010504_005,Unuk River,1901010504,9.58415896049517,-130.8804,56.23980000000001,1
AKDECAKMAP-NRS18-AK-Unuk2,Unuk River,River/Stream,AK_R_1010504_005,Unuk River,1901010504,21.6563993846397,-130.8194,56.258199999999995,1
AKDECAKMAP-NRS18-AK-10181,Unuk River,River/Stream,AK_R_1010504_005,Unuk River,1901010504,774.324847985381,-130.95670000000004,56.14609999999999,1
AKDECAKMAP-NRS18-AK-Unuk1,Unuk River,River/Stream,AK_R_1010504_005,Unuk River,1901010504,696.541108596313,-130.772,56.31300000000002,1
CHICKALOONNATIVEVILLAGE_WQX-MOOCRK1.4,Moose Creek (above Glenn Highway),River/Stream,AK_R_2040207_014,Moose Creek,1902040207,11.5159405880784,-149.04758,61.68267,0.78
CHICKALOONNATIVEVILLAGE_WQX-MOOCRK11.7,Moose Creek (above upper bridge),River/Stream,AK_R_2040207_014,Moose Creek,1902040207,31.6167892692765,-149.0294,61.73332000000001,0.78
CHICKALOONNATIVEVILLAGE_WQX-MOOWTL0.0,Moose Creek Wetlands,River/Stream,AK_R_2040207_018,Moose Creek Wetlands,1902040207,9.33851336558702,-149.02486,61.73440999999996,1
CHICKALOONNATIVEVILLAGE_WQX-ESKCRK5.5,Eska Creek (above upper culvert),River/Stream,AK_R_2040207_005,Eska Creek,1902040207,4.73424942494001,-148.90610000000004,61.738710000000026,0.77
CHICKALOONNATIVEVILLAGE_WQX-KLESPR0.0,Kleinshcmidt Sprint (Slough),River/Stream,AK_R_2040207_017,Kleinschmidt Spring,1902040207,2.261828523177,-149.03496,61.673839999999984,0.88
CHICKALOONNATIVEVILLAGE_WQX-MOOCRK0.0,Moose Creek (mouth),River/Stream,AK_R_2040207_014,Moose Creek,1902040207,14.766944558348,-149.03786,61.67304,0.86
CHICKALOONNATIVEVILLAGE_WQX-WOLOTL1.7,Wolverine Lake outlet,River/Stream,AK_R_2040207_019,Wolverine Lake Outlet,1902040207,1.59781711553507,-148.98259,61.65692000000003,0.97
CHICKALOONNATIVEVILLAGE_WQX-WOLCRK1.7,Wolverine Creek,River/Stream,AK_R_2040207_016,Wolverine Creek,1902040207,8.30216275255362,-149.03156000000004,61.65527999999997,1
CHICKALOONNATIVEVILLAGE_WQX-CHIRVR2.3,Chickaloon River,River/Stream,AK_R_2040205_004,Chickaloon River,1902040205,7.89514397044781,-148.47765,61.79636000000006,1
CHICKALOONNATIVEVILLAGE_WQX-CALCRK0.0,California Creek,River/Stream,AK_R_2040205_004,Chickaloon River,1902040205,14.4718419692827,-148.47792,61.79641,0.63
CHICKALOONNATIVEVILLAGE_WQX-KINRVR0.1,Kings River,River/Stream,AK_R_2040206_001,Kings River,1902040206,3.19015529472952,-148.74767,61.73239000000001,1
CHICKALOONNATIVEVILLAGE_WQX-GRACRK0.3,Granite Creek,River/Stream,AK_R_2040207_008,Granite Creek,1902040207,8.13451233804079,-148.85049,61.711260000000024,1
CHICKALOONNATIVEVILLAGE_WQX-ESKCRK1.7,Eska Creek (above Glenn Highway),River/Stream,AK_R_2040207_005,Eska Creek,1902040207,0.284983872439255,-148.89871,61.710940000000015,0.77
CHICKALOONNATIVEVILLAGE_WQX-BUFCRK0.0,Buffalo Creek,River/Stream,AK_R_2040207_001,Buffalo Creek,1902040207,1.49934351040782,-149.07301,61.71468999999995,1
CHICKALOONNATIVEVILLAGE_WQX-MOOCRK6.6,Moose Creek (Premier Mine),River/Stream,AK_R_2040207_014,Moose Creek,1902040207,2.38454572695113,-149.09529,61.706090000000025,0.81
CHICKALOONNATIVEVILLAGE_WQX-PURCRK5.2,Purinton Creek,River/Stream,AK_R_2040204_013,Purinton Creek,1902040204,1.95612316586916,-148.13582,61.81144000000002,1
CHICKALOONNATIVEVILLAGE_WQX-HICCRK0.5,Hicks Creek,River/Stream,AK_R_2040203_007,Hicks Creek,1902040203,6.69562020067179,-147.93634,61.791130000000024,1
CHICKALOONNATIVEVILLAGE_WQX-CARCRK2.8,Caribou Creek,River/Stream,AK_R_2040207_014,Moose Creek,1902040207,7.31702287955085,-149.03777,61.67310000000003,0.63
CHICKALOONNATIVEVILLAGE_WQX-KNGRVR0.1,Kings River,River/Stream,AK_R_2040206_001,Kings River,1902040206,3.19015529472952,-148.74767,61.73239000000001,1
ADVENTURESCIENTISTS-62.53.145.53,Gulkana Wild and Scenic River-62.53.145.53,River/Stream,AK_R_2010206_002,Gulkana River,1902010206,22.4880331669776,-145.5256844,62.52632000000002,0.72
AKDECWQ-PHC-1,Pederson Hill Creek 1,River/Stream,AK_R_1030106_038,Pederson Hill Creek/Casa Del Sol,1901030106,267.629121619061,-134.6205,58.37610000000003,0.86
AKDECWQ-PHC-2,Pederson Hill Creek 2,River/Stream,AK_R_1030106_038,Pederson Hill Creek/Casa Del Sol,1901030106,34.8315433990343,-134.6218948,58.37405100000001,0.86
AKDECWQ-PHC-3,Pederson Hill Creek 3,River/Stream,AK_R_1030106_038,Pederson Hill Creek/Casa Del Sol,1901030106,15.0106510163873,-134.6224527,58.374063000000056,0.86
AKDECWQ-PHC-4,Pederson Hill Creek 4,River/Stream,AK_R_1030106_038,Pederson Hill Creek/Casa Del Sol,1901030106,62.3515677869132,-134.6198766,58.37157619999998,0.86
AKDECWQ-PHC-5,Pederson Hill Creek 5,River/Stream,AK_R_1030106_038,Pederson Hill Creek/Casa Del Sol,1901030106,15.7484381940173,-134.6186494,58.37128929999999,0.86
AKDECWQ-PHC-6,Pederson Hill Creek 6,River/Stream,AK_R_1030106_038,Pederson Hill Creek/Casa Del Sol,1901030106,4.91099413773771,-134.6186493,58.36947600000001,0.86
AKDECWQ-PHC-7,Pederson Hill Creek Site 7,River/Stream,AK_R_1010204_003,Ketchikan Creek,1901010204,1147.40491479293,-131.622532,55.369738,0.56
AKDECWQ-PHC-9,Pederson Hill Creek Site 9,River/Stream,AK_R_1030106_022,Montana Creek,1901030106,307.381613448281,-134.60901,58.38383128000003,0.5
AKDECWQ-KR RM 0 NNC T CuZn,Kenai River - River Mile 0 - No Name Creek Tributary - Metals,River/Stream,AK_R_2030218_009,Unnamed tibutary to Kenai River,1902030218,158.640562065666,-151.268,60.578300000000006,0.51
AKDECWQ-KR RM 10 BC T CuZn,Kenai River - River Mile 10 - Beaver Creek Tributary - Metals,River/Stream,AK_R_2030218_010,Unnamed tibutary to Beaver Creek,1902030218,7.39481755157218,-151.0843424,60.64091570000001,0.53
AKDECWQ-KR RM 19 SC CuZn,Kenai River - River Mile 19 - Slikok Creek - Metals,River/Stream,AK_R_2030218_006,Slikok Creek,1902030218,20.0102371719336,-151.126077,60.48230699999999,0.48
AKDECWQ-KR RM 19 SC T CuZn,Kenai River - River Mile 19 - Slikok Creek Tributary - Metals,River/Stream,AK_R_2030218_006,Slikok Creek,1902030218,343.165833325712,-151.148,60.401900000000005,0.5
AKDECWQ-KR RM 22 SOC T CuZn,Kenai River - River Mile 22 - Soldotna Creek Tributary - Metals,River/Stream,AK_R_2030218_007,Soldotna Creek,1902030218,4.30477495658208,-150.959186,60.551327999999955,0.59
AKDECWQ-KR RM 50 CuZn,Kenai River - River Mile 50 - Metals,River/Stream,AK_R_2030214_007,Kenai River,1902030214,150.315429311858,-150.509082,60.46825299999998,0.77
AKDECWQ-KR RM 70 CuZn,Kenai River - River Mile 70 - Jims Landing - Metals,River/Stream,AK_R_2030214_007,Kenai River,1902030214,48.4840392629776,-150.115484,60.481351000000004,0.74
AKDECWQ-DR-0,Deshka River RM 0.0,River/Stream,AK_R_2050510_003,Deshka River,1902050510,22.4885184237879,-150.31871,61.698449999999994,0.88
AKDECWQ-DR-0.25,Deshka River RM 0.25,River/Stream,AK_R_2050509_002,Deshka River,1902050509,14.8602597342459,-150.32215,61.70162000000001,0.87
AKDECWQ-DR-1.0,Deshka River RM 1.0,River/Stream,AK_R_2050509_002,Deshka River,1902050509,19.9843794594544,-150.32532,61.71241000000002,0.88
AKDECWQ-DR-1.5,Deshka River 1.5,River/Stream,AK_R_2050509_002,Deshka River,1902050509,16.7531690348538,-150.326216,61.71585100000002,0.92
AKDECWQ-DR-0.75,Deshka River 0.75,River/Stream,AK_R_2050509_002,Deshka River,1902050509,60.9713395896115,-150.325637,61.706732999999986,0.9
CHICKALOONNATIVEVILLAGE_WQX-TSICHA44.6,Ts'itonhna Channel 44.6,River/Stream,AK_R_2040207_013_003,Matanuska River,1902040207,168.067352092647,-148.7086,61.731350000000006,0.52
AKDECWQ-CC01,Carlanna Creek-01,River/Stream,AK_R_1010204_001,Carlanna Creek,1901010204,40.6547649375046,-131.69182,55.36840000000001,0.94
AKDECWQ-CC02,Carlanna Creek 02,River/Stream,AK_R_1010204_001,Carlanna Creek,1901010204,56.9656492140735,-131.69534,55.35806999999998,0.94
AKDECWQ-HC02,Hoadley Creek 02,River/Stream,AK_R_1010204_002,Hoadley Creek,1901010204,32.2632895077662,-131.68747,55.3539,0.94
AKDECWQ-KC03,Ketchikan Creek-03,River/Stream,AK_R_1010204_003,Ketchikan Creek,1901010204,35.2867885927414,-131.64374,55.34292000000002,0.94
AKDECWQ-HC01,Hoadley Creek 01,River/Stream,AK_R_1010204_002,Hoadley Creek,1901010204,12.9388718276745,-131.68045,55.358810000000005,0.94
AKDECWQ-KC01,Ketchikan Creek-01,River/Stream,AK_R_1010204_003,Ketchikan Creek,1901010204,13.9133708997663,-131.63203,55.344500000000004,0.94
AKDECWQ-KC02,Ketchikan Creek-002,River/Stream,AK_R_1010204_003,Ketchikan Creek,1901010204,23.8062497243483,-131.63951,55.344010000000004,0.93
ADVENTURESCIENTISTS-62.86.145.62,Gulkana Wild and Scenic River-62.86.145.62,River/Stream,AK_R_2010202_002,Gulkana River,1902010202,68.2638899142973,-145.6151823593,62.856061281399974,0.72
ADVENTURESCIENTISTS-62.85.145.67,Middle Fork Gulkana (Gulkana Wild and Scenic River)-62.85.145.67,River/Stream,AK_R_2010201_001,Middle Fork Gulkana River,1902010201,4.74159946421424,-145.6720532478,62.84575632199998,0.77
ADVENTURESCIENTISTS-62.72.145.58,Gulkana Wild and Scenic River-62.72.145.58,River/Stream,AK_R_2010202_002,Gulkana River,1902010202,33.9957825903972,-145.5813405216,62.71972922509998,0.72
ADVENTURESCIENTISTS-62.58.145.63,Gulkana Wild and Scenic River-62.58.145.63,River/Stream,AK_R_2010202_002,Gulkana River,1902010202,14.5634052707195,-145.6276363639,62.576699243999954,0.72
ADVENTURESCIENTISTS-62.57.145.63,Middle Fork Gulkana (Gulkana Wild and Scenic River)-62.57.145.63,River/Stream,AK_R_2010205_003,West Fork Gulkana River,1902010205,9.16343912033775,-145.6283383147,62.57419421840001,0.63
ADVENTURESCIENTISTS-64.06.141.77,South Fork (Fortymile Wild and Scenic River)-64.06.141.77,River/Stream,AK_R_7050220_012,South Fork Fortymile River,1907050220,48.6282168186203,-141.76659947230002,64.05871514709999,0.79
ADVENTURESCIENTISTS-64.08.141.64,Walker Fork (Fortymile Wild and Scenic River)-64.08.141.64,River/Stream,AK_R_7050219_032,Walker Fork,1907050219,28.8154088840532,-141.6374826407,64.07852623590004,0.73
ADVENTURESCIENTISTS-64.17.141.42,Wade Creek (Fortymile Wild and Scenic River)-64.17.141.42,River/Stream,AK_R_7050219_030,Wade Creek,1907050219,47.4711991500691,-141.4189741979,64.16620382440006,0.73
ADVENTURESCIENTISTS-64.07.142,Mosquito Fork (Fortymile Wild and Scenic River)-64.07.142,River/Stream,AK_R_7050213_009,Mosquito Fork,1907050213,6.47198428796098,-141.9954001153,64.06645807469998,0.74
ADVENTURESCIENTISTS-63.89.142.24,West Fork Dennison Fork (Fortymile Wild and Scenic River)-63.89.142.24,River/Stream,AK_R_7050217_003,West Fork Dennison Fork,1907050217,15.4479938765599,-142.2353528062,63.89007987050001,0.78
ADVENTURESCIENTISTS-63.80.142.21,Logging Cabin Creek (Fortymile Wild and Scenic River)-63.80.142.21,River/Stream,AK_R_7050217_001,Logging Cabin Creek,1907050217,13.0610129687852,-142.2127870123,63.80311574390002,0.76
ADVENTURESCIENTISTS-62.84.145.67,Gulkana Wild and Scenic River-62.84.145.67,River/Stream,AK_R_2010202_002,Gulkana River,1902010202,32.653018622812,-145.6665599308,62.83942745139999,0.72
ADVENTURESCIENTISTS-62.71.145.59,Gulkana Wild and Scenic River-62.71.145.59,River/Stream,AK_R_2010202_002,Gulkana River,1902010202,8.3089256164813,-145.5883230806,62.714689472400025,0.72
ADVENTURESCIENTISTS-62.53.145.52,Gulkana Wild and Scenic River-62.53.145.52,River/Stream,AK_R_2010206_002,Gulkana River,1902010206,27.300729983899,-145.5247411599,62.52661091279998,0.72
ADVENTURESCIENTISTS-67.55.155.21,Noatak Wild and Scenic River-67.55.155.21,River/Stream,AK_R_5040101_004,Noatak River,1905040101,16.1965973849062,-155.2087186632,67.54831674999997,0.71
ADVENTURESCIENTISTS-67.66.155.39,Noatak Wild and Scenic River-67.66.155.39,River/Stream,AK_R_5040102_006,Noatak River,1905040102,44.2977722163565,-155.3882716859,67.65844946830005,0.71
ADVENTURESCIENTISTS-67.70.155.96,Noatak Wild and Scenic River-67.70.155.96,River/Stream,AK_R_5040103_005,Noatak River,1905040103,295.92270031868,-155.9642996284,67.69923671690003,0.71
ADVENTURESCIENTISTS-67.85.156.47,Noatak Wild and Scenic River-67.85.156.47,River/Stream,AK_R_5040105_004,Noatak River,1905040105,18.3267306974878,-156.4695317405,67.85132651870002,0.71
ADVENTURESCIENTISTS-67.89.156.84,Noatak Wild and Scenic River-67.89.156.84,River/Stream,AK_R_5040105_004,Noatak River,1905040105,4.0930821564287,-156.8378964098,67.88833508930003,0.71
ADVENTURESCIENTISTS-67.89.157.42,Noatak Wild and Scenic River-67.89.157.42,River/Stream,AK_R_5040106_002,Noatak River,1905040106,3.21802700353483,-157.4156267515,67.88519266320003,0.71
ADVENTURESCIENTISTS-67.99.157.95,Noatak Wild and Scenic River-67.99.157.95,River/Stream,AK_R_5040117_004,Noatak River,1905040117,89.55159515303,-157.9541283189,67.9865486526,0.71
ADVENTURESCIENTISTS-67.93.158.38,Noatak Wild and Scenic River-67.93.158.38,River/Stream,AK_R_5040117_004,Noatak River,1905040117,122.651414427743,-158.3768568433,67.93104207389997,0.71
ADVENTURESCIENTISTS-67.93.160.23,Noatak Wild and Scenic River-67.93.160.23,River/Stream,AK_R_5040212_009,Noatak River,1905040212,83.9015495234051,-160.2322420902,67.92612080159999,0.71
ADVENTURESCIENTISTS-67.89.160.89,Noatak Wild and Scenic River-67.89.160.89,River/Stream,AK_R_5040212_009,Noatak River,1905040212,11.0852672441807,-160.8883875279,67.8943952342,0.71
ADVENTURESCIENTISTS-68.01.161.39,Noatak Wild and Scenic River-68.01.161.39,River/Stream,AK_R_5040214_006,Noatak River,1905040214,80.0885402938541,-161.3930640381,68.00615731069999,0.71
ADVENTURESCIENTISTS-67.99.161.6,Noatak Wild and Scenic River-67.99.161.6,River/Stream,AK_R_5040214_006,Noatak River,1905040214,98.487442651213,-161.6020146606,67.98660756409997,0.71
ADVENTURESCIENTISTS-67.97.161.89,Noatak Wild and Scenic River-67.97.161.89,River/Stream,AK_R_5040214_006,Noatak River,1905040214,41.9288355883273,-161.89497507370004,67.97399214200001,0.71
ADVENTURESCIENTISTS-67.97.150.51,North Fork Koyukuk Wild and Scenic River-67.97.150.51,River/Stream,AK_R_9010108_010,North Fork Koyukuk River,1909010108,64.5312207512265,-150.50796209340004,67.97178635969999,0.79
ADVENTURESCIENTISTS-67.88.155.12,Alatna Wild and Scenic River-67.88.155.12,River/Stream,AK_R_9010302_001,Alatna River,1909010302,66.9588516066854,-155.1190422849,67.87794198379999,0.71
ADVENTURESCIENTISTS-67.72.154.95,Alatna Wild and Scenic River-67.72.154.95,River/Stream,AK_R_9010302_001,Alatna River,1909010302,29.9032307457861,-154.9527212699,67.71758486059994,0.71
ADVENTURESCIENTISTS-67.67.154.46,Alatna Wild and Scenic River-67.67.154.46,River/Stream,AK_R_9010302_001,Alatna River,1909010302,15.8035703292154,-154.4582392742,67.66793922529997,0.71
ADVENTURESCIENTISTS-67.54.154.1,Alatna Wild and Scenic River-67.54.154.1,River/Stream,AK_R_9010308_001,Alatna River,1909010308,49.2265226585882,-154.0993060639,67.54474109040001,0.71
ADVENTURESCIENTISTS-67.42.153.72,Alatna Wild and Scenic River-67.42.153.72,River/Stream,AK_R_9010308_001,Alatna River,1909010308,10.1916956829103,-153.7177348418,67.42196825339998,0.71
ADVENTURESCIENTISTS-64.31.141.41,Fortymile Wild and Scenic River-64.31.141.41,River/Stream,AK_R_7050222_010,Fortymile River,1907050222,18.8380467159492,-141.4070614,64.30859649999994,0.74
ADVENTURESCIENTISTS-64.52.141.59,Champion Creek (Fortymile Wild and Scenic River)-64.52.141.59,River/Stream,AK_R_7050202_004,Little Champion Creek,1907050202,10.1275402801384,-141.5941941833,64.52043894680001,0.57
ADVENTURESCIENTISTS-64.55.142.13,Champion Creek (Fortymile Wild and Scenic River)-64.55.142.13,River/Stream,AK_R_7050203_011,North Fork Fortymile River,1907050203,25.5730443349427,-142.1284737905,64.55392557199995,0.58
ADVENTURESCIENTISTS-64.44.142.14,North Fork (Fortymile Wild and Scenic River)-64.44.142.14,River/Stream,AK_R_7050208_008,North Fork Fortymile River,1907050208,42.8733141778013,-142.1395453626,64.43925862209996,0.79
ADVENTURESCIENTISTS-64.30.141.96,North Fork (Fortymile Wild and Scenic River)-64.30.141.96,River/Stream,AK_R_7050208_008,North Fork Fortymile River,1907050208,18.4529085089241,-141.9631405828,64.30327070879996,0.79
ADVENTURESCIENTISTS-64.24.141.75,North Fork (Fortymile Wild and Scenic River)-64.24.141.75,River/Stream,AK_R_7050208_008,North Fork Fortymile River,1907050208,2.61111916086256,-141.7544683257,64.2427293119,0.79
ADVENTURESCIENTISTS-63.25.145.69,Delta Wild and Scenic River-63.25.145.69,River/Stream,AK_R_8030403_004,Phelan Creek,1908030403,0.271906779714741,-145.6939595404,63.25446419770001,0.54
ADVENTURESCIENTISTS-65.39.145.72,Birch Creek Wild and Scenic River-65.39.145.72,River/Stream,AK_R_8040102_012_002,Ikh√®enjik River,1908040102,20.2232346048884,-145.7195671828,65.38892397349998,0.51
ADVENTURESCIENTISTS-67.79.152.38,John Wild and Scenic River-67.79.152.38,River/Stream,AK_R_9010119_002,John River,1909010119,22.2335663638006,-152.3765467733,67.78696193350001,0.69
ADVENTURESCIENTISTS-63.33.145.74,Delta Wild and Scenic River-63.33.145.74,River/Stream,AK_R_8030405_006,Delta River,1908030405,130.200227481059,-145.7445131443,63.33420474009997,0.7
ADVENTURESCIENTISTS-67.07.151.01,North Fork Koyukuk Wild and Scenic River-67.07.151.01,River/Stream,AK_R_9010113_004,North Fork Koyukuk River,1909010113,177.151669731602,-151.0123908814,67.06839563999999,0.79
