OrganizationIdentifier,MonitoringLocationIdentifier,ML_ID,ML_Name,Latitude,Longitude,HUC10_ID,Name_AU,AUID_ATTNS,Type,NavStatus
21AKBCH,21AKBCH-AK103349,AK103349,Hoonah Beach-Gartina Harbor Way,58.105833330000003,-135.4425,1901021109,Garteeni Harbor Way beach,AK_M_1021109_013,Marine,Navigable
21AKBCH,21AKBCH-AK168123,AK168123,Ketchikan - MtnPt Surprise Beach,55.293529999999997,-131.5475,1901010208,Mountain Pt Surprise Beach,AK_B_1010208_002,Beach,Navigable
21AKBCH,21AKBCH-AK212340,AK212340,Ketchikan - Sunset,55.412610000000001,-131.76505,1901010204,Sunset Beach,AK_B_1010204_003,Beach,Navigable
21AKBCH,21AKBCH-AK346845,AK346845,Ketchikan - Mtn Pt Cultural Food,55.292789999999997,-131.53917,1901010208,Mountain Pt Cultural Food Beach,AK_B_1010208_001,Beach,Navigable
21AKBCH,21AKBCH-AK365539,AK365539,Ketchikan - RotaryPool,55.308750000000003,-131.57759,1901010204,Rotary Pool,AK_B_1010204_007,Beach,Navigable
21AKBCH,21AKBCH-AK406019,AK406019,Ketchikan - Knudson,55.472079999999998,-131.79632,1901010203,Knudson Cove Beach,AK_B_1010203_001,Beach,Navigable
21AKBCH,21AKBCH-AK439531,AK439531,Ketchikan - RotaryBeach,55.309820000000002,-131.58028,1901010204,Rotary Park Beach,AK_B_1010204_008,Beach,Navigable
21AKBCH,21AKBCH-AK466549,AK466549,Ketchikan - Shull,55.435440000000000,-131.79851,1901010204,Shull Beach,AK_B_1010204_002,Beach,Navigable
21AKBCH,21AKBCH-AK495900,AK495900,Ketchikan - Seaport,55.314619999999998,-131.5932,1901010204,Seaport Beach,AK_B_1010204_006,Beach,Navigable
21AKBCH,21AKBCH-AK508635,AK508635,Ketchikan - Thomas Basin,55.341250000000002,-131.64179,1901010204,Thomas Basin Harbor,AK_B_1010204_005,Beach,Navigable
21AKBCH,21AKBCH-AK544485,AK544485,Ketchikan - Refuge,55.407389999999999,-131.75549,1901010204,Refuge Cove Beach,AK_B_1010204_004,Beach,Navigable
21AKBCH,21AKBCH-AK549954,AK549954,Ketchikan - Herring,55.326270000000001,-131.52278,1901010205,Herring Cove,AK_B_1010205_001,Beach,Navigable
21AKBCH,21AKBCH-AK551272-002,AK551272-002,North Kenai Beach site 2,60.550570000000000,-151.27206,1902030218,North Kenai Beach,AK_B_2030218_002,Beach,Navigable
21AKBCH,21AKBCH-AK551272-004,AK551272-004,North Kenai Beach site 4,60.549779999999998,-151.26804,1902030218,North Kenai Beach,AK_B_2030218_002,Beach,Navigable
21AKBCH,21AKBCH-AK802097-002,AK802097-002,South Kenai Beach site 2,60.546729999999997,-151.26318,1902030218,South Kenai Beach,AK_B_2030218_003,Beach,Navigable
21AKBCH,21AKBCH-AK802097-003,AK802097-003,South Kenai River Beach 3,60.543320000000001,-151.26532,1902030218,South Kenai Beach,AK_B_2030218_003,Beach,Navigable
21AKBCH,21AKBCH-AK909574,AK909574,Ketchikan - SP Higgins,55.448639999999997,-131.83136,1901010204,South Point Higgins Beach,AK_B_1010204_001,Beach,Navigable
21AKBCH,21AKBCH-AK998211,AK998211,Hoonah Beach-Inner Point Sophia,58.127777780000002,-135.4627778,1901021109,Cannery Point,AK_M_1021109_013,Marine,Navigable
AKBLM_FDO,AKBLM_FDO-15392000,15392000,Birch Creek Above Twelvemile Creek,65.392499999999998,-145.7125,1908040102,Ikhèenjik River,AK_R_8040102_012_002,River,Unknown
AKDECWQ,AKDECWQ-ANC01_HSLP,ANC01_HSLP,Anchorage 01,61.228484999999999,-149.9029694,1902040108,Anchorage Coast Area North,AK_M_2040108_007,Marine,Navigable
AKDECWQ,AKDECWQ-ANC02_HSLP,ANC02_HSLP,Anchorage 02,61.236087779999998,-149.8946228,1902040108,Anchorage Coast Area North,AK_M_2040108_007,Marine,Navigable
AKDECWQ,AKDECWQ-ANC03_HSLP,ANC03_HSLP,Anchorage 03,61.245262220000001,-149.8960003,1902040108,Anchorage Coast Area North,AK_M_2040108_007,Marine,Navigable
AKDECWQ,AKDECWQ-ANC04_HSLP,ANC04_HSLP,Anchorage 04,61.257404440000002,-149.9255067,1902040108,Knik Arm,AK_M_2040108_003,Marine,Navigable
AKDECWQ,AKDECWQ-ANC05_HSLP,ANC05_HSLP,Anchorage 05,61.238990829999999,-149.9255067,1902040108,Knik Arm,AK_M_2040108_003,Marine,Navigable
AKDECWQ,AKDECWQ-ANC06_HSLP,ANC06_HSLP,Anchorage 06,61.221002779999999,-149.9617919,1902040108,Knik Arm,AK_M_2040108_003,Marine,Navigable
AKDECWQ,AKDECWQ-AnchBact20-01,AnchBact20-01,Campbell Creek,61.177816999999997,-149.825138,1902040106,Campbell Creek,AK_R_2040106_001,River,Unknown
AKDECWQ,AKDECWQ-AnchBact20-02,AnchBact20-02,Campbell Lake - East,61.136145999999997,-149.92546,1902040106,Campbell Lake,AK_L_2040106_003,Lake,Navigable
AKDECWQ,AKDECWQ-AnchBact20-03,AnchBact20-03,Campbell Lake - West,61.130191000000003,-149.956301,1902040106,Campbell Lake,AK_L_2040106_003,Lake,Navigable
AKDECWQ,AKDECWQ-AnchBact20-04,AnchBact20-04,Craig Creek,61.133343000000004,-149.784853,1902040106,Craig Creek,AK_R_2040106_005,River,Unknown
AKDECWQ,AKDECWQ-AnchBact20-05,AnchBact20-05,Eagle River,61.310352999999999,-149.576255,1902040103,Eagle River,AK_R_2040103_003_004,River,Navigable
AKDECWQ,AKDECWQ-AnchBact20-06,AnchBact20-06,Fish Creek - N Fork Upper,61.182670000000002,-149.842264,1902040108,Fish Creek,AK_R_2040108_009,River,Unknown
AKDECWQ,AKDECWQ-AnchBact20-07,AnchBact20-07,Furrow Creek - Upper,61.108755000000002,-149.842274,1902040107,Furrow Creek,AK_R_2040107_002,River,Unknown
AKDECWQ,AKDECWQ-AnchBact20-08,AnchBact20-08,Lake Hood,61.179926000000002,-149.946808,1902040108,Hood/Spenard Lake,AK_L_2040108_063,Lake,Unknown
AKDECWQ,AKDECWQ-AnchBact20-09,AnchBact20-09,Little Rabbit Creek - Upper,61.065215999999999,-149.71607,1902040107,Little Rabbit Creek,AK_R_2040107_003_001,River,Unknown
AKDECWQ,AKDECWQ-AnchBact20-10,AnchBact20-10,Little Survival Creek - Upper,61.060160000000003,-149.746257,1902040107,Little Survival Creek,AK_R_2040107_007,River,Unknown
AKDECWQ,AKDECWQ-AnchBact20-11,AnchBact20-11,McHugh Creek,61.017843999999997,-149.731088,1902030207,McHugh Creek,AK_R_2030207_012,River,Unknown
AKDECWQ,AKDECWQ-AnchBact20-12,AnchBact20-12,Peters Creek,61.421337999999999,-149.49257,1902040102,Peters Creek,AK_R_2040102_002,River,Unknown
AKDECWQ,AKDECWQ-AnchBact20-13,AnchBact20-13,Potter Creek,61.050488000000001,-149.794517,1902040107,Potter Creek,AK_R_2040107_004,River,Unknown
AKDECWQ,AKDECWQ-AnchBact20-14,AnchBact20-14,Rabbit Creek,61.084269999999997,-149.825035,1902040107,Rabbit Creek,AK_R_2040107_005,River,Unknown
AKDECWQ,AKDECWQ-AnchBact20-15,AnchBact20-15,Rainbow Creek,61.000647999999998,-149.642506,1902030207,Rainbow Creek,AK_R_2030207_018,River,Unknown
AKDECWQ,AKDECWQ-AnchBact20-16,AnchBact20-16,Westchester Lagoon - North,61.208092000000001,-149.921283,1902040108,Westchester Lagoon,AK_L_2040108_060,Lake,Unknown
AKDECWQ,AKDECWQ-AnchBact20-17,AnchBact20-17,Westchester Lagoon - South,61.205376999999999,-149.912301,1902040108,Westchester Lagoon,AK_L_2040108_060,Lake,Unknown
AKDECWQ,AKDECWQ-AnchBact20-18,AnchBact20-18,Chester Creek - Mid,61.184617000000003,-149.794537,1902040108,Chester Creek,AK_R_2040108_003,River,Unknown
AKDECWQ,AKDECWQ-AnchBact20-Cam6,AnchBact20-Cam6,Campbell Creek - Lower,61.139386999999999,-149.92181,1902040106,Campbell Creek,AK_R_2040106_001,River,Unknown
AKDECWQ,AKDECWQ-AnchBact20-Che26,AnchBact20-Che26,University Lake - West,61.184924000000002,-149.803826,1902040108,University Lake,AK_L_2040108_055,Lake,Unknown
AKDECWQ,AKDECWQ-AnchBact20-Che3,AnchBact20-Che3,Chester Creek - Lower,61.204757000000001,-149.899965,1902040108,Chester Creek,AK_R_2040108_003,River,Unknown
AKDECWQ,AKDECWQ-AnchBact20-Che33,AnchBact20-Che33,Chester Creek - Upper,61.205741000000003,-149.717616,1902040108,Chester Creek,AK_R_2040108_003,River,Unknown
AKDECWQ,AKDECWQ-AnchBact20-Che7,AnchBact20-Che7,University Lake - East,61.186343999999998,-149.798528,1902040108,University Lake,AK_L_2040108_055,Lake,Unknown
AKDECWQ,AKDECWQ-AnchBact20-FC11,AnchBact20-FC11,Fish Creek - S Fork Upper,61.179487000000002,-149.930347,1902040108,Fish Creek,AK_R_2040108_009,River,Unknown
AKDECWQ,AKDECWQ-AnchBact20-FC7,AnchBact20-FC7,Fish Creek - Lower,61.196384999999999,-149.929546,1902040108,Fish Creek,AK_R_2040108_009,River,Unknown
AKDECWQ,AKDECWQ-AnchBact20-Fur3,AnchBact20-Fur3,Furrow Creek - Lower,61.105812999999998,-149.881275,1902040107,Furrow Creek,AK_R_2040107_002,River,Unknown
AKDECWQ,AKDECWQ-AnchBact20-LRab4,AnchBact20-LRab4,Little Rabbit Creek - Lower,61.080492999999997,-149.789695,1902040107,Little Rabbit Creek,AK_R_2040107_003_001,River,Unknown
AKDECWQ,AKDECWQ-AnchBact20-LSur2,AnchBact20-LSur2,Little Survival Creek - Lower,61.068537999999997,-149.79956,1902040107,Little Survival Creek,AK_R_2040107_007,River,Unknown
AKDECWQ,AKDECWQ-AU01_HSLP,AU01_HSLP,Auke Bay 01,58.382599999999996,-134.654,1901030107,Auke Bay,AK_M_1030107_002,Marine,Navigable
AKDECWQ,AKDECWQ-AU02_HSLP,AU02_HSLP,Auke Bay 02,58.381100000000004,-134.682,1901030107,Auke Bay,AK_M_1030107_002,Marine,Navigable
AKDECWQ,AKDECWQ-BL-1,BL-1,Birch Lake,64.304991000000001,-146.665853,1908030709,Birch Lake,AK_L_8030709_001,Lake,Unknown
AKDECWQ,AKDECWQ-CHS02_HSLP,CHS02_HSLP,Chatham Strait 02,57.452333330000002,-134.7856667,1901050007,Chatham Strait,AK_M_1050007_001,Marine,Navigable
AKDECWQ,AKDECWQ-CHS03_HSLP,CHS03_HSLP,Chatham Strait 03,58.322666669999997,-134.9861667,1901030108,Lynn Canal,AK_M_1030108_001,Marine,Navigable
AKDECWQ,AKDECWQ-CL-1,CL-1,Chena Lake southeast parking lot,64.768754000000001,-147.214083,1908030609,Chena Lake,AK_L_8030609_003,Lake,Unknown
AKDECWQ,AKDECWQ-CS01_HSLP,CS01_HSLP,Clarence Strait 01,55.442700000000002,-131.8493667,1901010210,Inside Passage Gravina Island-Frontal Clarence Strait,AK_M_1010210_003,Marine,Navigable
AKDECWQ,AKDECWQ-CS02_HSLP,CS02_HSLP,Clarence Strait 02,55.823500000000003,-132.4271667,1901050009,Clarence Strait,AK_M_1050009_001,Marine,Navigable
AKDECWQ,AKDECWQ-CS03_HSLP,CS03_HSLP,Clarence Strait 03,56.134833329999999,-132.7785,1901050009,Clarence Strait,AK_M_1050009_001,Marine,Navigable
AKDECWQ,AKDECWQ-CS-1,CS-1,Chena Slough Mission,64.754003999999995,-147.327003,1908030609,Chena Slough,AK_R_8030609_004_001,River,Unknown
AKDECWQ,AKDECWQ-CS-2,CS-2,Chena Slough Airway,64.769520000000000,-147.343164,1908030609,Chena Slough,AK_R_8030609_004_001,River,Unknown
AKDECWQ,AKDECWQ-CS-3,CS-3,Chena Slough Plack,64.776748999999995,-147.353611,1908030609,Chena Slough,AK_R_8030609_004_001,River,Unknown
AKDECWQ,AKDECWQ-CS-4,CS-4,Chena Slough Peede,64.820615000000004,-147.438911,1908030609,Chena Slough,AK_R_8030609_004_001,River,Unknown
AKDECWQ,AKDECWQ-CS-5,CS-5,Chena Slough Persinger,64.834714000000005,-147.487597,1908030609,Chena Slough,AK_R_8030609_004_001,River,Unknown
AKDECWQ,AKDECWQ-CS-6,CS-6,Nordale,64.814283000000003,-147.411905,1908030609,Chena Slough,AK_R_8030609_004_001,River,Unknown
AKDECWQ,AKDECWQ-DH01_HSLP,DH01_HSLP,Dutch Harbor 01,53.908433330000001,-166.4863667,1903010208,Iliuliuk Bay,AK_M_3010208_008,Marine,Navigable
AKDECWQ,AKDECWQ-DH02_HSLP,DH02_HSLP,Dutch Harbor 02,53.908900000000003,-166.5135,1903010208,Dutch Harbor (facilities),AK_M_3010208_005,Marine,Navigable
AKDECWQ,AKDECWQ-DH03_HSLP,DH03_HSLP,Dutch Harbor 03,53.903199999999998,-166.5255,1903010208,Dutch Harbor (entire harbor),AK_M_3010208_023,Marine,Navigable
AKDECWQ,AKDECWQ-DH04_HSLP,DH04_HSLP,Dutch Harbor 04,53.891816669999997,-166.5336667,1903010208,Dutch Harbor (facilities),AK_M_3010208_005,Marine,Navigable
AKDECWQ,AKDECWQ-DH05_HSLP,DH05_HSLP,Dutch Harbor 05,53.883499999999998,-166.5282,1903010208,Iliuliuk Bay,AK_M_3010208_008,Marine,Navigable
AKDECWQ,AKDECWQ-DH06_HSLP,DH06_HSLP,Dutch Harbor 06,53.880400000000002,-166.54629,1903010208,Iliuliuk Harbor (main),AK_M_3010208_024,Marine,Navigable
AKDECWQ,AKDECWQ-DI_HSLP,DI_HSLP,Deer Island,55.946566670000003,-132.0927833,1901050005,Ernest Sound,AK_M_1050005_000,Marine,Navigable
AKDECWQ,AKDECWQ-FP_HSLP,FP_HSLP,False Point,58.365833330000001,-134.9726167,1901030107,Admiralty Island-Frontal Lynn Canal,AK_M_1030107_000,Marine,Navigable
AKDECWQ,AKDECWQ-FS02_HSLP,FS02_HSLP,Frederick Sound 02,57.148499999999999,-134.002,1901050004,Fredrick Sound,AK_M_1050004_001,Marine,Navigable
AKDECWQ,AKDECWQ-FS03_HSLP,FS03_HSLP,Frederick Sound 03,57.071166669999997,-133.161,1901050004,Fredrick Sound,AK_M_1050004_001,Marine,Navigable
AKDECWQ,AKDECWQ-HA01_HSLP,HA01_HSLP,Haines 01,59.226199999999999,-135.4072,1901030308,Chilkoot Inlet-Frontal Lynn Canal,AK_M_1030308_000,Marine,Navigable
AKDECWQ,AKDECWQ-HA02_HSLP,HA02_HSLP,Haines 02,59.229349999999997,-135.4329667,1901030308,Haines Coastal Area,AK_M_1030308_007,Marine,Navigable
AKDECWQ,AKDECWQ-HA03_HSLP,HA03_HSLP,Haines 03,59.232599999999998,-135.4194,1901030308,Haines Coastal Area,AK_M_1030308_007,Marine,Navigable
AKDECWQ,AKDECWQ-HA04_HSLP,HA04_HSLP,Haines 04,59.232700000000001,-135.4386,1901030308,Haines Coastal Area,AK_M_1030308_007,Marine,Navigable
AKDECWQ,AKDECWQ-HA05_HSLP,HA05_HSLP,Haines 05,59.235599999999998,-135.4364,1901030308,Haines Coastal Area,AK_M_1030308_007,Marine,Navigable
AKDECWQ,AKDECWQ-HA06_HSLP,HA06_HSLP,Haines 06,59.270550000000000,-135.4382,1901030308,Haines Coastal Area,AK_M_1030308_007,Marine,Navigable
AKDECWQ,AKDECWQ-HO01_HSLP,HO01_HSLP,Hoonah 01,58.137050000000002,-135.4611667,1901021109,Hoonah Marine Assessment Unit,AK_M_1021109_013,Marine,Navigable
AKDECWQ,AKDECWQ-HO02_HSLP,HO02_HSLP,Hoonah 02,58.134516669999996,-135.4657,1901021109,Hoonah Marine Assessment Unit,AK_M_1021109_013,Marine,Navigable
AKDECWQ,AKDECWQ-HO03_HSLP,HO03_HSLP,Hoonah 03,58.128900000000002,-135.4667833,1901021109,Hoonah Marine Assessment Unit,AK_M_1021109_013,Marine,Navigable
AKDECWQ,AKDECWQ-HO04_HSLP,HO04_HSLP,Hoonah 04,58.134783329999998,-135.4793,1901021109,Port Fredrick-Frontal Icy Strait,AK_M_1021109_000,Marine,Navigable
AKDECWQ,AKDECWQ-HO05_HSLP,HO05_HSLP,Hoonah 05,58.116366669999998,-135.4592667,1901021109,Hoonah Marine Assessment Unit,AK_M_1021109_013,Marine,Navigable
AKDECWQ,AKDECWQ-HO06_HSLP,HO06_HSLP,Hoonah 06,58.111566670000002,-135.4503833,1901021109,Hoonah Marine Assessment Unit,AK_M_1021109_013,Marine,Navigable
AKDECWQ,AKDECWQ-HO07_HSLP,HO07_HSLP,Hoonah 07,58.107583329999997,-135.44905,1901021109,Hoonah Marine Assessment Unit,AK_M_1021109_013,Marine,Navigable
AKDECWQ,AKDECWQ-HO08_HSLP,HO08_HSLP,Hoonah 08,58.104450000000000,-135.45165,1901021109,Hoonah Marine Assessment Unit,AK_M_1021109_013,Marine,Navigable
AKDECWQ,AKDECWQ-HR01_HSLP,HR01_HSLP,Homer 01,59.618266669999997,-151.4240667,1902030108,Stariski Creek-Frontal Cook Inlet,AK_M_2030108_000,Marine,Navigable
AKDECWQ,AKDECWQ-HR02_HSLP,HR02_HSLP,Homer 02,59.604083330000002,-151.4184833,1902030108,Homer Nearshore Area,AK_M_2030108_006,Marine,Navigable
AKDECWQ,AKDECWQ-HR03_HSLP,HR03_HSLP,Homer 03,59.609433330000002,-151.4211833,1902030108,Homer Nearshore Area,AK_M_2030108_006,Marine,Navigable
AKDECWQ,AKDECWQ-HR04_HSLP,HR04_HSLP,Homer 04,59.606366670000000,-151.4131667,1902030108,Homer Nearshore Area,AK_M_2030108_006,Marine,Navigable
AKDECWQ,AKDECWQ-HR05_HSLP,HR05_HSLP,Homer 05,59.603383330000000,-151.4093667,1902030108,Homer Nearshore Area,AK_M_2030108_006,Marine,Navigable
AKDECWQ,AKDECWQ-HR06_HSLP,HR06_HSLP,Homer 06,59.598149999999997,-151.405,1902030108,Homer Nearshore Area,AK_M_2030108_006,Marine,Navigable
AKDECWQ,AKDECWQ-IS01_HSLP,IS01_HSLP,Icy Strait 01,58.154499999999999,-134.9898333,1901050007,Chatham Strait,AK_M_1050007_001,Marine,Navigable
AKDECWQ,AKDECWQ-IS02_HSLP,IS02_HSLP,Icy Strait 02,58.298333329999998,-135.7741667,1901050006,Icy Strait,AK_M_1050006_003,Marine,Navigable
AKDECWQ,AKDECWQ-JC-Egan,JC-Egan,Jordan Creek Egan,58.366779000000001,-134.577177,1901030106,Jordan Creek,AK_R_1030106_014,River,Unknown
AKDECWQ,AKDECWQ-JC-Glacier,JC-Glacier,Jordan Creek Glacier,58.362527999999998,-134.581459,1901030106,Jordan Creek,AK_R_1030106_014,River,Unknown
AKDECWQ,AKDECWQ-JC-JordanAveSouth,JC-JordanAveSouth,Jordan Creek-Jordan Avenue South,58.360120999999999,-134.579727,1901030106,Jordan Creek,AK_R_1030106_014,River,Unknown
AKDECWQ,AKDECWQ-JU01_HSLP,JU01_HSLP,Juneau 01,58.296399999999998,-134.4247,1901030106,North Gastineau Channel,AK_M_1030106_003,Marine,Navigable
AKDECWQ,AKDECWQ-JU02_HSLP,JU02_HSLP,Juneau 02,58.296500000000002,-134.4076,1901030106,North Gastineau Channel,AK_M_1030106_003,Marine,Navigable
AKDECWQ,AKDECWQ-JU05_HSLP,JU05_HSLP,Juneau 05,58.294935000000002,-134.40206,1901030106,North Gastineau Channel,AK_M_1030106_003,Marine,Navigable
AKDECWQ,AKDECWQ-JU06_HSLP,JU06_HSLP,Juneau 06,58.292723330000001,-134.4063817,1901030106,North Gastineau Channel,AK_M_1030106_003,Marine,Navigable
AKDECWQ,AKDECWQ-JU07_HSLP,JU07_HSLP,Juneau 07,58.291705000000000,-134.3959083,1901030106,North Gastineau Channel,AK_M_1030106_003,Marine,Navigable
AKDECWQ,AKDECWQ-JU08_HSLP,JU08_HSLP,Juneau 08,58.289293330000000,-134.4006167,1901030106,North Gastineau Channel,AK_M_1030106_003,Marine,Navigable
AKDECWQ,AKDECWQ-JU09_HSLP,JU09_HSLP,Juneau 09,58.284680000000002,-134.3973833,1901030106,North Gastineau Channel,AK_M_1030106_003,Marine,Navigable
AKDECWQ,AKDECWQ-JU10_HSLP,JU10_HSLP,Juneau 10,58.277338329999999,-134.38608,1901030106,North Gastineau Channel,AK_M_1030106_003,Marine,Navigable
AKDECWQ,AKDECWQ-JU11_HSLP,JU11_HSLP,Juneau 11,58.300833330000003,-134.428975,1901030106,North Gastineau Channel,AK_M_1030106_003,Marine,Navigable
AKDECWQ,AKDECWQ-JU12_HSLP,JU12_HSLP,Juneau 12,58.307378329999999,-134.4397833,1901030106,North Gastineau Channel,AK_M_1030106_003,Marine,Navigable
AKDECWQ,AKDECWQ-JU13_HSLP,JU13_HSLP,Juneau 13,58.274405000000002,-134.3661733,1901030106,North Gastineau Channel,AK_M_1030106_003,Marine,Navigable
AKDECWQ,AKDECWQ-KDK01_HSLP,KDK01_HSLP,Kodiak 01,57.785200000000003,-152.4093583,1902070115,Kodiak Harbors,AK_M_2070115_007,Marine,Navigable
AKDECWQ,AKDECWQ-KDK02_HSLP,KDK02_HSLP,Kodiak 02,57.783241670000002,-152.4254117,1902070115,Kodiak Harbors,AK_M_2070115_007,Marine,Navigable
AKDECWQ,AKDECWQ-KDK03_HSLP,KDK03_HSLP,Kodiak 03,57.774999999999999,-152.4172,1902070115,Kodiak Harbors,AK_M_2070115_007,Marine,Navigable
AKDECWQ,AKDECWQ-KDK04_HSLP,KDK04_HSLP,Kodiak 04,57.789686670000002,-152.3915233,1902070115,Kodiak Harbors,AK_M_2070115_007,Marine,Navigable
AKDECWQ,AKDECWQ-KDK05_HSLP,KDK05_HSLP,Kodiak 05,57.830840000000002,-152.3357333,1902070114,Afognak River-Frontal Marmot Bay,AK_M_2070114_000,Marine,Navigable
AKDECWQ,AKDECWQ-KDK06_HSLP,KDK06_HSLP,Kodiak 06,57.812579999999997,-152.30533,1902070115,Buskin River-Chiniak Bay,AK_M_2070115_000,Marine,Navigable
AKDECWQ,AKDECWQ-KE01_HSLP,KE01_HSLP,Ketchikan 01,55.338616670000000,-131.6433833,1901010204,Tongass Narrows combined,AK_M_1010204_011,Marine,Navigable
AKDECWQ,AKDECWQ-KE02_HSLP,KE02_HSLP,Ketchikan 02,55.336333330000002,-131.6454333,1901010204,Tongass Narrows combined,AK_M_1010204_011,Marine,Navigable
AKDECWQ,AKDECWQ-KE03_HSLP,KE03_HSLP,Ketchikan 03,55.340483329999998,-131.6592167,1901010204,Tongass Narrows combined,AK_M_1010204_011,Marine,Navigable
AKDECWQ,AKDECWQ-KE04_HSLP,KE04_HSLP,Ketchikan 04,55.343750000000000,-131.6560667,1901010204,Tongass Narrows combined,AK_M_1010204_011,Marine,Navigable
AKDECWQ,AKDECWQ-KE05_HSLP,KE05_HSLP,Ketchikan 05,55.345416669999999,-131.6626333,1901010204,Tongass Narrows combined,AK_M_1010204_011,Marine,Navigable
AKDECWQ,AKDECWQ-KE06_HSLP,KE06_HSLP,Ketchikan 06,55.341983329999998,-131.6667667,1901010204,Tongass Narrows combined,AK_M_1010204_011,Marine,Navigable
AKDECWQ,AKDECWQ-KE07_HSLP,KE07_HSLP,Ketchikan 07,55.329983329999997,-131.62585,1901010204,Tongass Narrows combined,AK_M_1010204_011,Marine,Navigable
AKDECWQ,AKDECWQ-KE08_HSLP,KE08_HSLP,Ketchikan 08,55.346800000000002,-131.6706,1901010204,Tongass Narrows combined,AK_M_1010204_011,Marine,Navigable
AKDECWQ,AKDECWQ-KE09_HSLP,KE09_HSLP,Ketchikan 09,55.347966669999998,-131.68785,1901010204,Tongass Narrows combined,AK_M_1010204_011,Marine,Navigable
AKDECWQ,AKDECWQ-KR RM 10.1,KR RM 10.1,Kenai River - River Mile 10.1,60.539279000000001,-151.142263,1902030218,Kenai River,AK_R_2030218_002_001,River,Navigable
AKDECWQ,AKDECWQ-KR RM 12.75,KR RM 12.75,Kenai River - River Mile 12.75 - Upstream Pillars Boat Launch,60.529769999999999,-151.09554,1902030218,Kenai River,AK_R_2030218_002_001,River,Navigable
AKDECWQ,AKDECWQ-KR RM 19,KR RM 19,Kenai River - River Mile 19,60.481600000000000,-151.124,1902030218,Kenai River,AK_R_2030218_002_002,River,Navigable
AKDECWQ,AKDECWQ-KR RM 19 SC,KR RM 19 SC,Kenai River - River Mile 19 - Slikok Creek,60.482317999999999,-151.127053,1902030218,Slikok Creek,AK_R_2030218_006,River,Unknown
AKDECWQ,AKDECWQ-KR RM 19.1,KR RM 19.1,Kenai River - River Mile 19.1,60.476140000000001,-151.11905,1902030218,Kenai River,AK_R_2030218_002_002,River,Navigable
AKDECWQ,AKDECWQ-KR RM 20.75,KR RM 20.75,Kenai River - River Mile 20.75,60.480829999999997,-151.10474,1902030218,Kenai River,AK_R_2030218_002_002,River,Navigable
AKDECWQ,AKDECWQ-KR RM 21,KR RM 21,Kenai River - River Mile 21 - Soldotna Bridge,60.476633999999997,-151.082099,1902030218,Kenai River,AK_R_2030218_002_002,River,Navigable
AKDECWQ,AKDECWQ-KR RM 21.1,KR RM 21.1,Kenai River - River Mile 21.1 - Upstream Soldotna Bridge,60.476379999999999,-151.08163,1902030218,Kenai River,AK_R_2030218_002_002,River,Navigable
AKDECWQ,AKDECWQ-KR RM 23,KR RM 23,Kenai River - River Mile 23 - Swiftwater Park,60.480338000000003,-151.030847,1902030218,Kenai River,AK_R_2030218_002_002,River,Navigable
AKDECWQ,AKDECWQ-KR RM 31,KR RM 31,Kenai River - River Mile 31,60.498283999999998,-150.863121,1902030218,Kenai River,AK_R_2030218_002_002,River,Navigable
AKDECWQ,AKDECWQ-KR RM 40,KR RM 40,Kenai River - River Mile 40,60.515441000000003,-150.702069,1902030218,Kenai River,AK_R_2030218_002_002,River,Navigable
AKDECWQ,AKDECWQ-KR RM 5,KR RM 5,Kenai River - River Mile 5,60.525570000000002,-151.209,1902030218,Kenai River,AK_R_2030218_002_001,River,Navigable
AKDECWQ,AKDECWQ-KR RM 76,KR RM 76,Kenai River - River Mile 76,60.484000000000002,-149.951,1902030214,Kenai River,AK_R_2030214_007,River,Navigable
AKDECWQ,AKDECWQ-KR RM 82,KR RM 82,Kenai River - River Mile 82 - Kenai Lake Bridge,60.491999999999997,-149.81087,1902030212,Kenai Lake,AK_L_2030212_001,Lake,Navigable
AKDECWQ,AKDECWQ-KR RM 82.1,KR RM 82.1,Kenai River - River Mile 82.1,60.491810000000001,-149.81038,1902030212,Kenai Lake,AK_L_2030212_001,Lake,Navigable
AKDECWQ,AKDECWQ-LC01_HSLP,LC01_HSLP,Lynn Canal 01,58.570166669999999,-134.9415,1901030107,Admiralty Island-Frontal Lynn Canal,AK_M_1030107_000,Marine,Navigable
AKDECWQ,AKDECWQ-LC02_HSLP,LC02_HSLP,Lynn Canal 02,58.998166670000003,-135.279,1901030108,Lynn Canal,AK_M_1030108_001,Marine,Navigable
AKDECWQ,AKDECWQ-LPD1,LPD1,Lower Piledriver 1,64.602649999999997,-147.09042,1908030710,Piledriver Slough,AK_R_8030710_005,River,Unknown
AKDECWQ,AKDECWQ-LPD12,LPD12,Lower Piledriver 12,64.629750000000001,-147.09305,1908030710,Piledriver Slough,AK_R_8030710_005,River,Unknown
AKDECWQ,AKDECWQ-LPD5,LPD5,Lower Piledriver 5,64.604399999999998,-147.088,1908030710,Piledriver Slough,AK_R_8030710_005,River,Unknown
AKDECWQ,AKDECWQ-LPD8,LPD8,Lower Piledriver 8,64.614329999999995,-147.08876,1908030710,Piledriver Slough,AK_R_8030710_005,River,Unknown
AKDECWQ,AKDECWQ-LS-4 km dn,LS-4 km dn,Little Susitna River 4 km downstream of State PUF boat launch,61.423360000000002,-150.19395,1902050512,Little Susitna River,AK_R_2050512_016_003,River,Navigable
AKDECWQ,AKDECWQ-LS-8 km dn,LS-8 km dn,Little Susitna River 8 km downstream of state PUF boat launch,61.409730000000003,-150.20883,1902050512,Little Susitna River,AK_R_2050512_016_003,River,Navigable
AKDECWQ,AKDECWQ-LS-Ref,LS-Ref,Little Susitna River upstream of Parks Highway in Houston,61.625169999999997,-149.79807,1902050512,Little Susitna River,AK_R_2050512_016_005,River,Navigable
AKDECWQ,AKDECWQ-MP_HSLP,MP_HSLP,Middle Point,58.240800000000000,-134.64205,1901020608,Limestone Inlet-Frontal Stephens Passage,AK_M_1020608_000,Marine,Navigable
AKDECWQ,AKDECWQ-NC_HSLP,NC_HSLP,North Cove,58.295999999999999,-136.3306,1901050006,Icy Strait,AK_M_1050006_003,Marine,Navigable
AKDECWQ,AKDECWQ-NI01_HSLP,NI01_HSLP,Nichols Passage 01,55.289716669999997,-131.6104833,1901010204,Carlanna Creek-Frontal Tongass Narrows,AK_M_1010204_000,Marine,Navigable
AKDECWQ,AKDECWQ-NI02_HSLP,NI02_HSLP,Nichols Passage 02,55.109299999999998,-131.6578,1901010207,Bostwick Inlet-Frontal Nichols Passage,AK_M_1010207_000,Marine,Navigable
AKDECWQ,AKDECWQ-NME01_HSLP,NME01_HSLP,Nome 01,64.494383330000005,-165.4372889,1905010420,Nome Harbor,AK_M_5010420_003,Marine,Navigable
AKDECWQ,AKDECWQ-NME02_HSLP,NME02_HSLP,Nome 02,64.500325000000004,-165.4229833,1905010420,Nome Harbor,AK_M_5010420_003,Marine,Navigable
AKDECWQ,AKDECWQ-NME03_HSLP,NME03_HSLP,Nome 03,64.501700000000000,-165.4549694,1905010420,Nome Harbor,AK_M_5010420_003,Marine,Navigable
AKDECWQ,AKDECWQ-NME04_HSLP,NME04_HSLP,Nome 04,64.494172219999996,-165.3941722,1905010420,Nome Harbor,AK_M_5010420_003,Marine,Navigable
AKDECWQ,AKDECWQ-NME05_HSLP,NME05_HSLP,Nome 05,64.480480560000004,-165.2979056,1905010420,Safety Sound-Frontal Norton Sound,AK_M_5010420_000,Marine,Navigable
AKDECWQ,AKDECWQ-NME06_HSLP,NME06_HSLP,Nome 06,64.458422220000003,-165.4773722,1905010420,Safety Sound-Frontal Norton Sound,AK_M_5010420_000,Marine,Navigable
AKDECWQ,AKDECWQ-PE01_HSLP,PE01_HSLP,Petersburg 01,56.827383330000004,-132.93775,1901021010,Petersburg Creek-Frontal Wrangell Narrows,AK_M_1021010_000,Marine,Navigable
AKDECWQ,AKDECWQ-PE02_HSLP,PE02_HSLP,Petersburg 02,56.816416670000002,-132.9601667,1901021010,Petersburg Marine Assessment Unit,AK_M_1021010_008,Marine,Navigable
AKDECWQ,AKDECWQ-PE03_HSLP,PE03_HSLP,Petersburg 03,56.812216669999998,-132.9666833,1901021010,Petersburg Marine Assessment Unit,AK_M_1021010_008,Marine,Navigable
AKDECWQ,AKDECWQ-PE04_HSLP,PE04_HSLP,Petersburg 04,56.809933330000000,-132.9735833,1901021010,Petersburg Marine Assessment Unit,AK_M_1021010_008,Marine,Navigable
AKDECWQ,AKDECWQ-PE05_HSLP,PE05_HSLP,Petersburg 05,56.807549999999999,-132.9796,1901021010,Petersburg Marine Assessment Unit,AK_M_1021010_008,Marine,Navigable
AKDECWQ,AKDECWQ-PE06_HSLP,PE06_HSLP,Petersburg 06,56.799300000000002,-132.9856667,1901021010,Petersburg Marine Assessment Unit,AK_M_1021010_008,Marine,Navigable
AKDECWQ,AKDECWQ-PS_HSLP,PS_HSLP,Peril Strait,57.569316669999999,-135.3548667,1901050011,Peril Strait,AK_M_1050011_000,Marine,Navigable
AKDECWQ,AKDECWQ-SC_HSLP,SC_HSLP,Sunny Cove,59.917650000000002,-149.3639333,1902020206,Resurrection Bay-Frontal Gulf of Alaska,AK_M_2020206_000,Marine,Navigable
AKDECWQ,AKDECWQ-SE01_HSLP,SE01_HSLP,Seward 01,60.114400000000003,-149.4155,1902020205,Upper Resurrection Bay,AK_M_2020205_003,Marine,Navigable
AKDECWQ,AKDECWQ-SE02_HSLP,SE02_HSLP,Seward 02,60.118540000000003,-149.4262,1902020205,Seward Harbor,AK_M_2020205_004,Marine,Navigable
AKDECWQ,AKDECWQ-SE03_HSLP,SE03_HSLP,Seward 03,60.118299999999998,-149.4294,1902020205,Seward Harbor,AK_M_2020205_004,Marine,Navigable
AKDECWQ,AKDECWQ-SE04_HSLP,SE04_HSLP,Seward 04,60.116100000000003,-149.4328,1902020205,Seward Harbor,AK_M_2020205_004,Marine,Navigable
AKDECWQ,AKDECWQ-SE05_HSLP,SE05_HSLP,Seward 05,60.106699999999996,-149.4318,1902020205,Seward Harbor,AK_M_2020205_004,Marine,Navigable
AKDECWQ,AKDECWQ-SE06_HSLP,SE06_HSLP,Seward 06,60.097099999999998,-149.4155,1902020205,Upper Resurrection Bay,AK_M_2020205_003,Marine,Navigable
AKDECWQ,AKDECWQ-SI01_HSLP,SI01_HSLP,Sitka 01,57.048866670000002,-135.3300833,1901021211,Sitka Coastal Area East,AK_M_1021211_021,Marine,Navigable
AKDECWQ,AKDECWQ-SI02_HSLP,SI02_HSLP,Sitka 02,57.044300000000000,-135.3217833,1901021211,Sitka Coastal Area East,AK_M_1021211_021,Marine,Navigable
AKDECWQ,AKDECWQ-SI03_HSLP,SI03_HSLP,Sitka 03,57.045353329999998,-135.3349667,1901021211,Sitka Coastal Area East,AK_M_1021211_021,Marine,Navigable
AKDECWQ,AKDECWQ-SI04_HSLP,SI04_HSLP,Sitka 04,57.036149999999999,-135.3088333,1901021211,Eastern Channel,AK_M_1021211_000,Marine,Navigable
AKDECWQ,AKDECWQ-SI05_HSLP,SI05_HSLP,Sitka 05,57.048383330000000,-135.3418167,1901021212,Sitka Coastal Area West,AK_M_1021212_013,Marine,Navigable
AKDECWQ,AKDECWQ-SI06_HSLP,SI06_HSLP,Sitka 06,57.055133329999997,-135.3514,1901021212,Sitka Coastal Area West,AK_M_1021212_013,Marine,Navigable
AKDECWQ,AKDECWQ-SI07_HSLP,SI07_HSLP,Sitka 07,57.059983330000001,-135.3589833,1901021212,Sitka Coastal Area West,AK_M_1021212_013,Marine,Navigable
AKDECWQ,AKDECWQ-SI08_HSLP,SI08_HSLP,Sitka 08,57.063000000000002,-135.3674667,1901021212,Sitka Coastal Area West,AK_M_1021212_013,Marine,Navigable
AKDECWQ,AKDECWQ-SI09_HSLP,SI09_HSLP,Sitka 09,57.116100000000003,-135.3965,1901021212,Sitka Coastal Area West,AK_M_1021212_013,Marine,Navigable
AKDECWQ,AKDECWQ-SI10_HSLP,SI10_HSLP,Sitka 10,57.117899999999999,-135.3935,1901021212,Sitka Coastal Area West,AK_M_1021212_013,Marine,Navigable
AKDECWQ,AKDECWQ-SK01_HSLP,SK01_HSLP,Skagway 01,59.449550000000002,-135.3330333,1901030305,Skagway Harbor (entire harbor area),AK_M_1030305_004,Marine,Navigable
AKDECWQ,AKDECWQ-SK02_HSLP,SK02_HSLP,Skagway 02,59.450499999999998,-135.3267,1901030305,Skagway Harbor (entire harbor area),AK_M_1030305_004,Marine,Navigable
AKDECWQ,AKDECWQ-SK03_HSLP,SK03_HSLP,Skagway 03,59.451149999999998,-135.32305,1901030305,Skagway Harbor (entire harbor area),AK_M_1030305_004,Marine,Navigable
AKDECWQ,AKDECWQ-SK04_HSLP,SK04_HSLP,Skagway 04,59.448866670000001,-135.3235,1901030305,Skagway Harbor (entire harbor area),AK_M_1030305_004,Marine,Navigable
AKDECWQ,AKDECWQ-SK05_HSLP,SK05_HSLP,Skagway 05,59.444468329999999,-135.329,1901030305,Skagway Harbor (entire harbor area),AK_M_1030305_004,Marine,Navigable
AKDECWQ,AKDECWQ-SK06_HSLP,SK06_HSLP,Skagway 06,59.445883330000001,-135.3317167,1901030305,Skagway Harbor (entire harbor area),AK_M_1030305_004,Marine,Navigable
AKDECWQ,AKDECWQ-SK07_HSLP,SK07_HSLP,Skagway 07,59.441833330000001,-135.3453167,1901030305,Taiya Inlet,AK_M_1030305_002,Marine,Navigable
AKDECWQ,AKDECWQ-SP01_HSLP,SP01_HSLP,Stephens Passage 01,57.284833329999998,-133.756,1901050001,Stephens Passage,AK_M_1050001_001,Marine,Navigable
AKDECWQ,AKDECWQ-SP02_HSLP,SP02_HSLP,Stephens Passage 02,58.210166670000000,-134.114,1901030409,Taku Inlet-Frontal Stephens Passage,AK_M_1030409_000,Marine,Navigable
AKDECWQ,AKDECWQ-SP03_HSLP,SP03_HSLP,Stephens Passage 03,57.739833330000003,-133.6705,1901020612,Holkham Bay-Frontal Stephens Passage,AK_M_1020612_000,Marine,Navigable
AKDECWQ,AKDECWQ-SS01_HSLP,SS01_HSLP,Sumner Strait 01,56.340333330000000,-133.1291667,1901050009,Clarence Strait,AK_M_1050009_001,Marine,Navigable
AKDECWQ,AKDECWQ-SS02_HSLP,SS02_HSLP,Sumner Strait 02,56.399000000000001,-133.4593333,1901050008,Sumner Strait,AK_M_1050008_001,Marine,Navigable
AKDECWQ,AKDECWQ-SS03_HSLP,SS03_HSLP,Sumner Strait 03,56.502000000000002,-132.6826667,1901050008,Sumner Strait,AK_M_1050008_001,Marine,Navigable
AKDECWQ,AKDECWQ-Stikine_HSLP,Stikine_HSLP,Stikine Strait,56.375500000000002,-132.5915,1901020903,Stikine Strait,AK_M_1020903_010,Marine,Navigable
AKDECWQ,AKDECWQ-Storey_HSLP,Storey_HSLP,Storey Island,60.747433330000000,-147.458,1902020306,Prince William Sound,AK_M_2020306_000,Marine,Navigable
AKDECWQ,AKDECWQ-TB_HSLP,TB_HSLP,Tebenkof Bay,56.491183329999998,-134.1919667,1901021008,Tebenkof Bay-Frontal Chatham Strait,AK_M_1021008_000,Marine,Navigable
AKDECWQ,AKDECWQ-UPD1,UPD1,Upper Piledriver 1,64.601630000000000,-147.09196,1908030710,Piledriver Slough,AK_R_8030710_005,River,Unknown
AKDECWQ,AKDECWQ-UPD2,UPD2,Upper Piledriver 2,64.601630000000000,-147.09196,1908030710,Piledriver Slough,AK_R_8030710_005,River,Unknown
AKDECWQ,AKDECWQ-UPD3,UPD3,Upper Piledriver 3,64.600430000000003,-147.091,1908030710,Piledriver Slough,AK_R_8030710_005,River,Unknown
AKDECWQ,AKDECWQ-UQK01_HSLP,UQK01_HSLP,Utqiagvik 01,71.333479999999994,-156.6724,1906020202,Utqiagvik Coastal Area,AK_M_6020202_001,Marine,Navigable
AKDECWQ,AKDECWQ-UQK02_HSLP,UQK02_HSLP,Utqiagvik 02,71.305620000000005,-156.7633,1906020202,Utqiagvik Coastal Area,AK_M_6020202_001,Marine,Navigable
AKDECWQ,AKDECWQ-UQK03_HSLP,UQK03_HSLP,Utqiagvik 03,71.292940000000002,-156.7967,1906020202,Utqiagvik Coastal Area,AK_M_6020202_001,Marine,Navigable
AKDECWQ,AKDECWQ-UQK04_HSLP,UQK04_HSLP,Utqiagvik 04,71.282100000000000,-156.8254,1906020202,Utqiagvik Coastal Area,AK_M_6020202_001,Marine,Navigable
AKDECWQ,AKDECWQ-VA01_HSLP,VA01_HSLP,Valdez 01,61.122966669999997,-146.3934667,1902020111,Port Valdez,AK_M_2020111_005,Marine,Navigable
AKDECWQ,AKDECWQ-VA02_HSLP,VA02_HSLP,Valdez 02,61.123666669999999,-146.3597333,1902020111,Port Valdez Small Boat Harbor,AK_M_2020111_011,Marine,Navigable
AKDECWQ,AKDECWQ-VA03_HSLP,VA03_HSLP,Valdez 03,61.123116670000002,-146.3668667,1902020111,Port Valdez Small Boat Harbor,AK_M_2020111_011,Marine,Navigable
AKDECWQ,AKDECWQ-VA04_HSLP,VA04_HSLP,Valdez 04,61.125200000000000,-146.34945,1902020111,Port Valdez Small Boat Harbor,AK_M_2020111_011,Marine,Navigable
AKDECWQ,AKDECWQ-VA05_HSLP,VA05_HSLP,Valdez 05,61.121250000000003,-146.3374167,1902020111,Port Valdez Small Boat Harbor,AK_M_2020111_011,Marine,Navigable
AKDECWQ,AKDECWQ-VA06_HSLP,VA06_HSLP,Valdez 06,61.109233330000002,-146.4374,1902020111,Port Valdez,AK_M_2020111_005,Marine,Navigable
AKDECWQ,AKDECWQ-WA01_HSLP,WA01_HSLP,Ward Cove 01,55.393733330000003,-131.74395,1901010204,Carlanna Creek-Frontal Tongass Narrows,AK_M_1010204_000,Marine,Navigable
AKDECWQ,AKDECWQ-WA02_HSLP,WA02_HSLP,Ward Cove 02,55.401550000000000,-131.7308833,1901010204,Ward Cove,AK_M_1010204_008,Marine,Navigable
AKDECWQ,AKDECWQ-WA03_HSLP,WA03_HSLP,Ward Cove 03,55.406233329999999,-131.7254667,1901010204,Ward Cove,AK_M_1010204_008,Marine,Navigable
AKDECWQ,AKDECWQ-WA04_HSLP,WA04_HSLP,Ward Cove 04,55.406366669999997,-131.7203167,1901010204,Ward Cove,AK_M_1010204_008,Marine,Navigable
AKDECWQ,AKDECWQ-WA05_HSLP,WA05_HSLP,Ward Cove 05,55.403733330000001,-131.7218167,1901010204,Ward Cove,AK_M_1010204_008,Marine,Navigable
AKDECWQ,AKDECWQ-WA06_HSLP,WA06_HSLP,Ward Cove 06,55.400633329999998,-131.7255167,1901010204,Ward Cove,AK_M_1010204_008,Marine,Navigable
AKDECWQ,AKDECWQ-WH01_HSLP,WH01_HSLP,Whittier 01,60.777733329999997,-148.7092667,1902020120,Passage Canal (Whittier Harbor),AK_M_2020120_011,Marine,Navigable
AKDECWQ,AKDECWQ-WH02_HSLP,WH02_HSLP,Whittier 02,60.778199999999998,-148.7024,1902020120,Passage Canal (Whittier Harbor),AK_M_2020120_011,Marine,Navigable
AKDECWQ,AKDECWQ-WH03_HSLP,WH03_HSLP,Whittier 03,60.778833329999998,-148.6988667,1902020120,Passage Canal (Whittier Harbor),AK_M_2020120_011,Marine,Navigable
AKDECWQ,AKDECWQ-WH04_HSLP,WH04_HSLP,Whittier 04,60.777900000000002,-148.6926,1902020120,Passage Canal (Whittier Harbor),AK_M_2020120_011,Marine,Navigable
AKDECWQ,AKDECWQ-WH05_HSLP,WH05_HSLP,Whittier 05,60.777616670000000,-148.682,1902020120,Passage Canal (Whittier Harbor),AK_M_2020120_011,Marine,Navigable
AKDECWQ,AKDECWQ-WH06_HSLP,WH06_HSLP,Whittier 06,60.811199999999999,-148.453,1902020120,Blackstone Bay-Frontal Port Wells,AK_M_2020120_000,Marine,Navigable
AKDECWQ,AKDECWQ-WHADA-Cam6,WHADA-Cam6,Campbell Creek,61.139386999999999,-149.92181,1902040106,Campbell Creek,AK_R_2040106_001,River,Unknown
AKDECWQ,AKDECWQ-WHADA-Che3,WHADA-Che3,Chester Creek,61.204760000000000,-149.899965,1902040108,Chester Creek,AK_R_2040108_003,River,Unknown
AKDECWQ,AKDECWQ-WHADA-Che33,WHADA-Che33,Chester Creek,61.205739999999999,-149.717616,1902040108,Chester Creek,AK_R_2040108_003,River,Unknown
AKDECWQ,AKDECWQ-WHADA-ChRi-45.3,WHADA-ChRi-45.3,Chena River,64.794409999999999,-147.191477,1908030606,Chena River,AK_R_8030606_001,River,Unknown
AKDECWQ,AKDECWQ-WHADA-ChRi-6.0,WHADA-ChRi-6.0,Chena River,64.840359000000007,-147.817503,1908030609,Chena River,AK_R_8030609_003,River,Unknown
AKDECWQ,AKDECWQ-WHADA-JoCr-1.5,WHADA-JoCr-1.5,Jordan Creek,58.358158000000003,-134.574843,1901030106,Jordan Creek,AK_R_1030106_014,River,Unknown
AKDECWQ,AKDECWQ-WHADA-JoCr-2.3,WHADA-JoCr-2.3,Jordan Creek,58.366523000000001,-134.577306,1901030106,Jordan Creek,AK_R_1030106_014,River,Unknown
AKDECWQ,AKDECWQ-WHADA-LCCr-2.1,WHADA-LCCr-2.1,Little Campbell Creek,61.147444000000000,-149.853096,1902040106,Little Campbell Creek,AK_R_2040106_004,River,Unknown
AKDECWQ,AKDECWQ-WHADA-LCCr-7.5,WHADA-LCCr-7.5,Little Campbell Creek,61.113391749999998,-149.7088856,1902040106,Little Campbell Creek,AK_R_2040106_004,River,Unknown
AKDECWQ,AKDECWQ-WHADA-LSuRi-55,WHADA-LSuRi-55,Little Susitna River,61.626458999999997,-149.806021,1902050512,Little Susitna River,AK_R_2050512_016_005,River,Navigable
AKDECWQ,AKDECWQ-WHADA-LSuRi-86,WHADA-LSuRi-86,Little Susitna River,61.716906000000002,-149.2316,1902050512,Little Susitna River,AK_R_2050512_016_009,River,Navigable
AKDECWQ,AKDECWQ-WHADA-ShCr-1.3,WHADA-ShCr-1.3,Ship Creek,61.223393999999999,-149.874029,1902040104,Ship Creek,AK_R_2040104_002_001,River,Unknown
AKDECWQ,AKDECWQ-WHADA-ShCr-11,WHADA-ShCr-11,Ship Creek,61.225188000000003,-149.64973,1902040104,Ship Creek,AK_R_2040104_002_002,River,Unknown
AKDECWQ,AKDECWQ-WHADA-ShCr-12.4,WHADA-ShCr-12.4,Ship Creek,61.224463999999998,-149.630439,1902040104,Ship Creek,AK_R_2040104_002_002,River,Unknown
AKDECWQ,AKDECWQ-WHADA-SoCr-0.05,WHADA-SoCr-0.05,Soldotna Creek,60.483834000000002,-151.0568701,1902030218,Soldotna Creek,AK_R_2030218_007,River,Unknown
AKDECWQ,AKDECWQ-WHADA-SoCr-4.5,WHADA-SoCr-4.5,Soldotna Creek,60.515439000000001,-150.980252,1902030218,Soldotna Creek,AK_R_2030218_007,River,Unknown
AKDECWQ,AKDECWQ-WHADA-WA01,WHADA-WA01,Wasilla Creek,61.661724149999998,-149.1883615,1902040107,Wasilla Creek,AK_R_2040108_022,River,Unknown
AKDECWQ,AKDECWQ-WHADA-WA04,WHADA-WA04,Wasilla Creek,61.567136079999997,-149.3141876,1902040108,Wasilla Creek,AK_R_2040108_022,River,Unknown
AKDECWQ,AKDECWQ-WR01_HSLP,WR01_HSLP,Wrangell 01,56.487499999999997,-132.39595,1901020904,Wrangell Harbor,AK_M_1020904_004,Marine,Navigable
AKDECWQ,AKDECWQ-WR02_HSLP,WR02_HSLP,Wrangell 02,56.464166669999997,-132.3983,1901020904,Wrangell Harbor,AK_M_1020904_004,Marine,Navigable
AKDECWQ,AKDECWQ-WR03_HSLP,WR03_HSLP,Wrangell 03,56.470483330000000,-132.39025,1901020904,Wrangell Harbor,AK_M_1020904_004,Marine,Navigable
AKDECWQ,AKDECWQ-WR04_HSLP,WR04_HSLP,Wrangell 04,56.467716670000001,-132.3852167,1901020904,Wrangell Harbor,AK_M_1020904_004,Marine,Navigable
AKDECWQ,AKDECWQ-WR05_HSLP,WR05_HSLP,Wrangell 05,56.459049999999998,-132.3870833,1901020902,Shoemaker Bay - Wrangell South,AK_M_1020902_005,Marine,Navigable
AKDECWQ,AKDECWQ-WR06_HSLP,WR06_HSLP,Wrangell 06,56.464166669999997,-132.3983,1901020904,Wrangell Harbor,AK_M_1020904_004,Marine,Navigable
AKDECWQ,AKDECWQ-WS_HSLP,WS_HSLP,Warm Springs,57.280299999999997,-134.8513,1901021201,Kelp Bay,AK_M_1021201_000,Marine,Navigable
USFWS_ALASKA,USFWS_ALASKA-580223156504200,5.80223E+14,EGU02,58.039720000000003,-156.845,1903020311,Egegik River,AK_R_3020311_001_002,River,Navigable
USFWS_ALASKA,USFWS_ALASKA-665429151405100,6.65429E+14,KYK61,66.908050000000003,-151.68083,1909010501,Koyukuk River,AK_R_9010501_004,River,Navigable
USGS-AK,USGS-15008000,15008000,,56.025815000000001,-130.0669823,1901010601,Salmon River,AK_R_1010601_009,River,Unknown
USGS-AK,USGS-15015593,15015593,,56.257916670000000,-130.8202778,1901010504,Unuk River,AK_R_1010504_005,River,Unknown
USGS-AK,USGS-15015595,15015595,,56.240206200000003,-130.8819864,1901010504,Unuk River,AK_R_1010504_005,River,Unknown
USGS-AK,USGS-15024740,15024740,,56.647444399999998,-131.8949167,1901020709,Stikine River,AK_R_1020709_011,River,Navigable
USGS-AK,USGS-15024800,15024800,,56.707721880000001,-132.1319653,1901020709,Stikine River,AK_R_1020709_011,River,Navigable
USGS-AK,USGS-15041140,15041140,,58.581355600000002,-133.6553546,1901030407,Taku River,AK_R_1030407_006,River,Unknown
USGS-AK,USGS-15041200,15041200,,58.538298279999999,-133.7017432,1901030407,Taku River,AK_R_1030407_006,River,Unknown
USGS-AK,USGS-15129120,15129120,,59.192805600000000,-138.3339167,1901040422,Alsek River,AK_R_1040422_001,River,Unknown
21AKBCH,AKDECWQ-Kanakanak,Kanakanak,Kanakanak Beach,59.00375,-158.53385,1903030311,Dillingham Harbor,AK_M_3030311_001,Marine,Navigable
AKDECWQ,AKDECWQ-FS01_HSLP,FS01_HSLP,Frederick Sound 01,57.0028,-134.3698,1901050004,Frederick Sound,AK_M_1050004_001,Marine,Navigable
AKDECWQ,AKDECWQ-KR RM 70,KR RM 70,Kenai River - River Mile 70 - Jim's Landing,60.48193,-150.11447,1902030214,Kenai River,AK_R_2030214_007,River,Navigable
AKDECWQ,AKDECWQ-BP-1,BP-1,Bathing Beauty Pond,64.713986,-147.19315,1908030710,Bathing Beauty Pond,AK_L_8030710_001,Lake,Unknown
AKDECWQ,AKDECWQ-UPD4,UPD4,Upper Piledriver 4,64.59784,-147.08646,1908030710,Piledriver Slough,AK_R_8030710_005,River,Unknown
AKDECWQ,AKDECWQ-UPD5,UPD5,Upper Piledriver 5,64.59394,-147.08308,1908030710,Piledriver Slough,AK_R_8030710_005,River,Unknown
AKDECWQ,AKDECWQ-UPD6,UPD6,Upper Piledriver 6,64.59294,-147.07301,1908030710,Piledriver Slough,AK_R_8030710_005,River,Unknown
AKDECWQ,AKDECWQ-UPD7,UPD7,Upper Piledriver 7,64.58689,-147.06996,1908030710,Piledriver Slough,AK_R_8030710_005,River,Unknown
AKDECWQ,AKDECWQ-UPD8,UPD8,Upper Piledriver 8,64.58608,-147.06863,1908030710,Piledriver Slough,AK_R_8030710_005,River,Unknown
AKDECWQ,AKDECWQ-Scandinavian,Scandinavian,Scandinavian Beach,59.03743292,-158.4747797,1903030311,Dillingham Harbor,AK_M_3030311_001,Marine,Navigable
AKDECWQ,AKDECWQ-Snag Point,Snag Point,Snag Point Beach,59.03786152,-158.4606696,1903030311,Dillingham Harbor,AK_M_3030311_001,Marine,Navigable
21AKBCH,21AKBCH-AK616287-001,AK616287-001,Snag Point Beach,59.03786,-158.462183,1903030311,Dillingham Harbor,AK_M_3030311_001,Marine,Navigable
21AKBCH,21AKBCH-AK482134-001,AK482134-001,Kanakanak Beach,59.00375,-158.53385,1903030311,Dillingham Harbor,AK_M_3030311_001,Marine,Navigable
21AKBCH,21AKBCH-AK490625-001,AK490625-001,Scandinavian Beach,59.037305,-158.474598,1903030311,Dillingham Harbor,AK_M_3030311_001,Marine,Navigable
AKDECWQ,AKDECWQ-KTN12,KTN12,Ketchikan 12,55.33966667000002,-131.6611667,1901010204,Tongass Narrows combined,AK_M_1010204_011,Marine,Navigable
AKDECWQ,AKDECWQ-KTN04,KTN04,Ketchikan 04,55.342899999999986,-131.6627167,1901010204,Tongass Narrows combined,AK_M_1010204_011,Marine,Navigable
AKDECWQ,AKDECWQ-KTNAMH,KTNAMH,Ketchikan Alaska Marine Highway Docks,55.353050000000025,-131.6952833,1901010204,Tongass Narrows combined,AK_M_1010204_011,Marine,Navigable
AKDECWQ,AKDECWQ-KTN17,KTN17,Ketchikan 17,55.33933333000001,-131.6557667,1901010204,Tongass Narrows combined,AK_M_1010204_011,Marine,Navigable
AKDECWQ,AKDECWQ-KTN14,KTN14,Ketchikan 14,55.34109999999999,-131.6515833,1901010204,Tongass Narrows combined,AK_M_1010204_011,Marine,Navigable
AKDECWQ,AKDECWQ-KTN11,KTN11,Ketchikan 11,55.34041666999999,-131.6601333,1901010204,Tongass Narrows combined,AK_M_1010204_011,Marine,Navigable
AKDECWQ,AKDECWQ-KTN08,KTN08,Ketchikan 08,55.34235000000003,-131.6558667,1901010204,Tongass Narrows combined,AK_M_1010204_011,Marine,Navigable
AKDECWQ,AKDECWQ-KTN02,KTN02,Ketchikan 02,55.34396640000002,-131.6592101,1901010204,Tongass Narrows combined,AK_M_1010204_011,Marine,Navigable
AKDECWQ,AKDECWQ-KTN28,KTN28,Ketchikan 28,55.33636666999999,-131.6473333,1901010204,Tongass Narrows combined,AK_M_1010204_011,Marine,Navigable
AKDECWQ,AKDECWQ-KTN26,KTN26,Ketchikan 26,55.33716666999998,-131.64405,1901010204,Tongass Narrows combined,AK_M_1010204_011,Marine,Navigable
AKDECWQ,AKDECWQ-KTN25,KTN25,Ketchikan 25,55.33743333000001,-131.6448667,1901010204,Tongass Narrows combined,AK_M_1010204_011,Marine,Navigable
AKDECWQ,AKDECWQ-KTN24,KTN24,Ketchikan 24,55.33705000000001,-131.6525833,1901010204,Tongass Narrows combined,AK_M_1010204_011,Marine,Navigable
AKDECWQ,AKDECWQ-KTN22,KTN22,Ketchikan 22,55.33793332999996,-131.6491667,1901010204,Tongass Narrows combined,AK_M_1010204_011,Marine,Navigable
AKDECWQ,AKDECWQ-KTN20,KTN20,Ketchikan 20,55.33938333000002,-131.64845,1901010204,Tongass Narrows combined,AK_M_1010204_011,Marine,Navigable
AKDECWQ,AKDECWQ-KTN18,KTN18,Ketchikan 18,55.33841667000002,-131.6563,1901010204,Tongass Narrows combined,AK_M_1010204_011,Marine,Navigable
AKDECWQ,AKDECWQ-KTN19,KTN19,Ketchikan 19,55.34066667000001,-131.6471667,1901010204,Tongass Narrows combined,AK_M_1010204_011,Marine,Navigable
AKDECWQ,AKDECWQ-KTN16,KTN16,Ketchikan 16,55.33983332999999,-131.6543333,1901010204,Tongass Narrows combined,AK_M_1010204_011,Marine,Navigable
AKDECWQ,AKDECWQ-KTN13,KTN13,Ketchikan 13,55.34216666999997,-131.6513333,1901010204,Tongass Narrows combined,AK_M_1010204_011,Marine,Navigable
AKDECWQ,AKDECWQ-KTN10,KTN10,Ketchikan 10,55.3415,-131.6585,1901010204,Tongass Narrows combined,AK_M_1010204_011,Marine,Navigable
AKDECWQ,AKDECWQ-KTN07,KTN07,Ketchikan 07,55.34366666999999,-131.6555,1901010204,Tongass Narrows combined,AK_M_1010204_011,Marine,Navigable
AKDECWQ,AKDECWQ-KTN23,KTN23,Ketchikan 23,55.33750000000002,-131.651,1901010204,Tongass Narrows combined,AK_M_1010204_011,Marine,Navigable
AKDECWQ,AKDECWQ-KTN05,KTN05,Ketchikan 05,55.34214999999999,-131.6640833,1901010204,Tongass Narrows combined,AK_M_1010204_011,Marine,Navigable
AKDECWQ,AKDECWQ-KTN27,KTN27,Ketchikan 27,55.33693333,-131.6463167,1901010204,Tongass Narrows combined,AK_M_1010204_011,Marine,Navigable
AKDECWQ,AKDECWQ-KTNAIR,KTNAIR,Ketchikan Airport,55.35500000000001,-131.7028333,1901010204,Tongass Narrows combined,AK_M_1010204_011,Marine,Navigable
AKDECWQ,AKDECWQ-KTNTB,KTNTB,Ketchikan Thomas Basin,55.33860000000002,-131.643,1901010204,Tongass Narrows combined,AK_M_1010204_011,Marine,Navigable
AKDECWQ,AKDECWQ-KTN15,KTN15,Ketchikan 15,55.340699,-131.6597734,1901010204,Tongass Narrows combined,AK_M_1010204_011,Marine,Navigable
AKDECWQ,AKDECWQ-KTN03,KTN03,Ketchikan 03,55.34358130000001,-131.6615133,1901010204,Tongass Narrows combined,AK_M_1010204_011,Marine,Navigable
AKDECWQ,AKDECWQ-WH08_HSLP,WH08_HSLP,Whittier 08,60.78344999999999,-148.6778,1902020120,Passage Canal (Whittier Harbor),AK_M_2020120_011,Marine,Navigable
21AKBCH,21AKBCH-AK568659,AK568659,Skagway - Small Boat Harbor,59.45015,-135.31894,1901030305,Skagway Beaches,AK_B_1030305_002,Beach,Navigable
21AKBCH,21AKBCH-AK587418,AK587418,Skagway - Yakutania West,59.45248000000003,-135.33675,1901030305,Skagway Beaches,AK_B_1030305_002,Beach,Navigable
21AKBCH,21AKBCH-AK416279,AK416279,Skagway - Airport Beach,59.45105999999997,-135.33175,1901030305,Skagway Beaches,AK_B_1030305_002,Beach,Navigable
21AKBCH,21AKBCH-AK622042,AK622042,Skagway - Nahku Bay,59.478339999999974,-135.33681,1901030305,Skagway Beaches,AK_B_1030305_002,Beach,Navigable
21AKBCH,21AKBCH-AK916382,AK916382,Skagway - Smuggler's Cove,59.45552999999996,-135.33526,1901030305,Skagway Beaches,AK_B_1030305_002,Beach,Navigable
21AKBCH,21AKBCH-AK530904,AK530904,Skagway - Yakutania East,59.452320000000014,-135.33425,1901030305,Skagway Beaches,AK_B_1030305_002,Beach,Navigable
21AKBCH,21AKBCH-AK301573,AK301573,Ketchikan - Beacon Hill,55.472280000000026,-131.82305,1901010203,Beacon Hill Beach,AK_B_1010203_002,Beach,Navigable
21AKBCH,21AKBCH-AK553928,AK553928,Kenai River Gull Rookery 2,60.55180000000001,-151.244,1902030218,Kenai River Gull Rookery 2,AK_B_2030218_005,Beach,Navigable
21AKBCH,21AKBCH-AK605404-001,AK605404-001,Petersburg - Sandy Beach Park,56.805213889999976,-132.9176083,1901021001,Sandy Beach Park Petersburg,AK_B_1021001_001,Beach,Navigable
21AKBCH,21AKBCH-AK164406,AK164406,Kenai River Gull Rookery 1,60.53659999999995,-151.254,1902030218,Kenai River Gull Rookery 1 Beach,AK_B_2030218_001,Beach,Navigable
21AKBCH,21AKBCH-AK574820,AK574820,Kenai - Warren Ames Bridge,60.525899999999986,-151.20647,1902030218,Warren Ames Bridge Beach,AK_B_2030218_004,Beach,Navigable
21AKBCH,21AKBCH-AK493433,AK493433,Kodiak - Frye Point Beach,57.718120000000006,-152.558933,1902070115,Frye Point Beach,AK_B_2070115_007_001,Beach,Navigable
21AKBCH,21AKBCH-AK394314,AK394314,Kodiak - Buskin River Beach,57.758458999999995,-152.479555,1902070115,Buskin Beach,AK_B_2070115_001,Beach,Navigable
21AKBCH,21AKBCH-AK813073,AK813073,Kodiak - Lighthouse Beach,57.21092400000002,-153.280188,1902070118,Lighthouse Beach,AK_B_2070118_000,Beach,Navigable
21AKBCH,21AKBCH-AK986964,AK986964,Kodiak - Mission Beach,57.79960600000001,-152.368558,1902070115,Mission Beach,AK_B_2070115_006,Beach,Navigable
USGS,USGS-700210143134000,7.0021E+14,,70.03594579999998,-143.2305374,1906050419,Unnamed Lake,AK_L_6050419_001,Lake,Unknown
USGS,USGS-695924143420301,6.95924E+14,,69.98999999999998,-143.7008333,1906050215,Unnamed Lake,AK_L_6050215_001,Lake,Unknown
USGS,USGS-700450143100000,7.0045E+14,,70.08039239,-143.1694293,1906050419,Unnamed Lake,AK_L_6050419_002,Lake,Unknown
USGS,USGS-700313143435100,7.00313E+14,,70.05343829999998,-143.7336109,1906050215,Unnamed Lake,AK_L_6050215_002,Lake,Unknown
USGS,USGS-700717143383401,7.00717E+14,,70.12143609999997,-143.6427778,1906050215,Navarakpuk Lake,AK_L_6050215_003,Lake,Unknown
USGS,USGS-700137145312600,7.00137E+14,,70.02673480000001,-145.5267313,1906050110,Unnamed Lake,AK_L_6050110_001,Lake,Unknown
NALMS,NALMS-F1408441,F1408441,"Quartz Lake, Southeast Fairbanks (CA) County, AK, USA",64.21300000000001,-145.821,1908030701,Quartz Lake,AK_L_8030701_002,Lake,Unknown
USGS,USGS-15057596,15057596,,58.444657280000015,-135.7418302,1901030214,Salmon River,AK_R_1030214_001,River,Unknown
USGS,USGS-15302200,15302200,,59.792637599999978,-155.5246895,1903030211,Koktuli River,AK_R_3030211_001,River,Unknown
USGS,USGS-15292700,15292700,,62.346438799999973,-150.019201,1902050306,Talkeetna River,AK_R_2050306_006,River,Unknown
USGS,USGS-15258000,15258000,,60.492192690000010,-149.8099203,1902030212,Kenai Lake,AK_L_2030212_001,Lake,Unknown
USGS,USGS-15565447,15565447,,61.933686600000009,-162.8829356,1909030423,Yukon River,AK_R_9030423_034,River,Unknown
USGS,USGS-15085100,15085100,,55.395194400000001,-132.4086268,1901010304,Old Tom Creek,AK_R_1010304_005,River,Unknown
USGS,USGS-15302000,15302000,,59.934830000000012,-158.1900062,1903030117,Nuyakuk River,AK_R_3030117_002,River,Unknown
USGS,USGS-15284000,15284000,,61.608631199999984,-149.0730432,1902040207,Matanuska River,AK_R_2040207_013_001,River,Unknown
USGS,USGS-15261000,15261000,,60.479979499999985,-149.882711,1902030214,Cooper Creek,AK_R_2030214_001,River,Unknown
USGS,USGS-15295700,15295700,,57.693978070000007,-153.1639087,1902070103,Terror River,AK_R_2070103_001,River,Unknown
USGS,USGS-15087700,15087700,,57.052971189999994,-135.3162085,1901021211,Indian River,AK_R_1021211_002,River,Unknown
USGS,USGS-15088000,15088000,,57.051026700000023,-135.2295402,1901021211,Sawmill Creek (Sitka),AK_R_1021211_003,River,Unknown
USGS,USGS-15058700,15058700,,55.342430199999988,-131.7005736,1901010204,Government Creek,AK_R_1010204_010,River,Unknown
USGS,USGS-15081497,15081497,,55.801028700000003,-133.1103222,1901010310,Staney Creek,AK_R_1010310_007,River,Unknown
USGS,USGS-15056200,15056200,,59.526062899999978,-135.3546086,1901030301,West Creek,AK_R_1030301_004,River,Unknown
USGS,USGS-15056210,15056210,,59.511618299999981,-135.3462752,1901030301,Taiya River,AK_R_1030301_003,River,Unknown
USGS,USGS-15304010,15304010,,61.889300599999984,-158.156842,1903050108,Crooked Creek,AK_R_3050108_005,River,Unknown
USGS,USGS-15294080,15294080,,62.132833300000001,-150.5386667,1902050509,Kroto Creek,AK_R_2050509_003,River,Unknown
USGS,USGS-15260001,15260001,,60.434416670000026,-149.8245278,1902030214,Cooper Creek,AK_R_2030214_001,River,Unknown
USGS,USGS-15200280,15200280,,62.520391800000034,-145.5330154,1902010206,Gulkana River,AK_R_2010206_002,River,Unknown
USGS,USGS-15239070,15239070,,59.801073990000013,-150.8849079,1902030111,Bradley River,AK_R_2030111_002,River,Unknown
USGS,USGS-15292800,15292800,,62.104761899999978,-150.0597486,1902050501,Montana Creek,AK_R_2050501_004,River,Unknown
USGS,USGS-15293700,15293700,,61.809745860000007,-150.0972379,1902050505,Little Willow Creek,AK_R_2050505_002,River,Unknown
USGS,USGS-15302250,15302250,,59.842468199999978,-155.7185564,1903030211,Koktuli River - North Fork,AK_R_3030211_002,River,Unknown
USGS,USGS-15310002,15310002,,64.034444399999956,-142.5283333,1907050213,Mosquito Fork,AK_R_7050213_009,River,Unknown
USGS,USGS-15297475,15297475,,57.815921779999961,-152.6244165,1902070113,Red Cloud River,AK_R_2070113_002,River,Unknown
USGS,USGS-15493000,15493000,,64.901972200000031,-146.3613333,1908030606,Chena River,AK_R_8030606_001,River,Unknown
USGS,USGS-15515048,15515048,,63.973888890000019,-148.761111,1908030720,Marguerite Creek,AK_R_8030720_019,River,Unknown
USGS,USGS-15515060,15515060,,64.008433700000026,-148.7281673,1908030720,Marguerite Creek,AK_R_8030720_019,River,Unknown
USGS,USGS-15297610,15297610,,55.176905899999994,-162.6895109,1903010122,Russell Creek,AK_R_3010122_002,River,Unknown
USGS,USGS-15294005,15294005,,61.780303459999971,-149.8866786,1902050506,Willow Creek,AK_R_2050506_017,River,Unknown
USGS,USGS-15290000,15290000,,61.709743300000014,-149.231938,1902050512,Little Susitna River,AK_R_2050512_016_009,River,Navigable
USGS,USGS-15283700,15283700,,61.684388890000015,-149.0524167,1902040207,Moose Creek,AK_R_2040207_014,River,Unknown
USGS,USGS-15580095,15580095,,64.891944399999986,-163.67,1905010407,Niukluk River,AK_R_5010407_030,River,Unknown
USGS,USGS-15908000,15908000,,69.015833300000025,-148.8177778,1906040208,Sagavanirktok River,AK_R_6040208_003,River,Unknown
USGS,USGS-15276000,15276000,,61.225006190000023,-149.6372008,1902040104,Ship Creek,AK_R_2040104_002_002,River,Unknown
USGS,USGS-15293200,15293200,,61.923888890000008,-150.0713889,1902050504,Kashwitna River,AK_R_2050504_002,River,Unknown
USGS,USGS-15129500,15129500,,59.586366360000028,-139.4941877,1901040518,Situk River,AK_R_1040518_008,River,Unknown
USGS,USGS-15300300,15300300,,59.757949900000014,-153.8468866,1903020602,Iliamna River,AK_R_3020602_002,River,Unknown
USGS,USGS-15564879,15564879,,67.254444399999983,-150.1772222,1909010106,Slate Creek,AK_R_9010106_012,River,Unknown
USGS,USGS-15519100,15519100,,65.464840699999996,-148.6311143,1908030902,Tolovana River,AK_R_8030902_025,River,Unknown
USGS,USGS-15215900,15215900,,60.532797299999999,-145.3806148,1902010415,Glacier River,AK_R_2010415_001,River,Unknown
USGS,USGS-15803000,15803000,,70.495376399999998,-157.395848,1906020306,Meade River,AK_R_6020306_002,River,Unknown
USGS,USGS-15238986,15238986,,59.761736460000002,-150.955177,1902030111,Battle Creek,AK_R_2030111_001,River,Unknown
USGS,USGS-15239900,15239900,,59.746608970000068,-151.7552124,1902030107,Anchor River,AK_R_2030107_001,River,Unknown
USGS,USGS-15896000,15896000,,70.281385390000025,-148.962786,1906040113,Kuparuk River,AK_R_6040113_001,River,Unknown
USGS,USGS-15348000,15348000,,64.308855199999982,-141.4045168,1907050222,Fortymile River,AK_R_7050222_010,River,Unknown
USGS,USGS-15515500,15515500,,64.564944400000016,-149.094,1908030722,Tanana River,AK_R_8030722_002,River,Unknown
USGS,USGS-15280999,15280999,,61.523388889999964,-149.0418889,1902040212,Bodenburg Creek,AK_R_2040212_002,River,Unknown
USGS,USGS-15747000,15747000,,67.875440500000039,-163.6773733,1905040409,Wulik River,AK_R_5040409_002,River,Unknown
USGS,USGS-15266300,15266300,,60.476928900000026,-151.0816675,1902030218,Kenai River,AK_R_2030218_002_002,River,Navigable
USGS,USGS-15302812,15302812,,59.415000000000035,-157.8041667,1903030305,Kokwok River,AK_R_3030305_001,River,Unknown
USGS,USGS-15484000,15484000,,64.471527779999988,-146.9280556,1908030508,Salcha River,AK_R_8030508_008,River,Unknown
USGS,USGS-15330000,15330000,,64.466833299999990,-142.21625,1907050203,North Fork Fortymile River,AK_R_7050203_011,River,Unknown
USGS,USGS-15086225,15086225,,55.908611100000023,-132.9308333,1901010301,Hatchery Creek,AK_R_1010301_002,River,Unknown
USGS,USGS-15292000,15292000,,62.767289900000037,-149.6933794,1902050124,Susitna River,AK_R_2050124_008,River,Unknown
USGS,USGS-15052000,15052000,,58.391342899999977,-134.4226062,1901030106,Lemon Creek,AK_R_1030106_017_002,River,Unknown
USGS,USGS-15068040,15068040,,55.519090570000010,-131.5244658,1901010205,Leask Creek,AK_R_1010205_006,River,Unknown
USGS,USGS-15236900,15236900,,60.369958580000024,-148.8987624,1902020122,Wolverine Creek,AK_R_2020122_002,River,Unknown
USGS,USGS-15331000,15331000,,64.470861099999993,-142.2215,1907050207,Middle Fork Fortymile River,AK_R_7050207_010,River,Unknown
USGS,USGS-15519030,15519030,,65.522972200000012,-148.5463889,1908030902,Livengood Creek,AK_R_8030902_015,River,Unknown
USGS,USGS-15209700,15209700,,61.433726559999990,-142.9426256,1902010321,Kennicott River,AK_R_2010321_010,River,Unknown
USGS,USGS-694539144091500,6.94539E+14,,69.760637079999995,-144.1569253,1906050209,Hulahula River,AK_R_6050209_001,River,Unknown
USGS,USGS-694306143142500,6.94306E+14,,69.718159090000043,-143.243005,1906050203,Okerokovik River,AK_R_6050203_001,River,Unknown
USGS,USGS-15209770,15209770,,61.484688890000093,-142.8866167,1902010321,National Creek,AK_R_2010321_016,River,Unknown
USGS,USGS-15219000,15219000,,60.760865899999992,-146.174225,1902020106,West Fork Olsen Bay Creek,AK_R_2020106_003,River,Unknown
USGS,USGS-695038146271000,6.95038E+14,,69.843645100000060,-146.4556409,1906050109,Canning River,AK_R_6050109_001,River,Unknown
USGS,USGS-694733144490000,6.94733E+14,,69.792286899999951,-144.819448,1906050213,Marsh Creek,AK_R_6050213_001,River,Unknown
USGS,USGS-693523142580300,6.93523E+14,,69.589549099999957,-142.9702107,1906050415,Aichilik River,AK_R_6050415_001,River,Unknown
USGS,USGS-694207143142300,6.94207E+14,,69.701769400000046,-143.2424479,1906050203,Okerokovik River,AK_R_6050203_001,River,Unknown
USGS,USGS-695225145120000,6.95225E+14,,69.873397079999990,-145.2028048,1906050214,Katakturuk River,AK_R_6050214_002,River,Unknown
USGS,USGS-700438145423500,7.00438E+14,,70.077012190000005,-145.712584,1906050111,Canning River,AK_R_6050111_001,River,Unknown
USGS,USGS-694147144121000,6.94147E+14,,69.696184700000003,-144.2055334,1906050209,Hulahula River,AK_R_6050209_001,River,Unknown
USGS,USGS-693702143410600,6.93702E+14,,69.617032899999984,-143.6877252,1906050204,Jago River,AK_R_6050204_002,River,Unknown
USGS,USGS-15008010,15008010,,56.028022199999988,-130.0732889,1901010601,Texas Creek,AK_R_1010601_012,River,Unknown
USGS,USGS-15129100,15129100,,59.196100299999983,-138.19064,1901040421,Alsek River,AK_R_1040421_001,River,Unknown
USGS,USGS-15056560,15056560,,59.412726000000006,-135.998797,1901030312,Klehini River,AK_R_1030312_006,River,Unknown
USGS,USGS-15015594,15015594,,56.250566670000026,-130.8428528,1901010503,Blue River,AK_R_1010503_001,River,Unknown
USGS,USGS-592514136174000,5.92514E+14,,59.420227599999990,-136.2963028,1901030312,Glacier Creek,AK_R_1030312_003,River,Unknown
USGS,USGS-15007990,15007990,,56.045122200000009,-130.040261,1901010601,Salmon River,AK_R_1010601_009,River,Unknown
USGS,USGS-701409151162900,7.01409E+14,,70.235833299999939,-151.2747222,1906020506,Ublutuoch River,AK_R_6020506_001,River,Unknown
USGS,USGS-701641151284400,7.01641E+14,,70.278055600000016,-151.4788889,1906020507,Blackfish Creek,AK_R_6020507_005,River,Unknown
USGS,USGS-701720151184500,7.0172E+14,,70.288888890000024,-151.3125,1906020506,Ublutuoch River,AK_R_6020506_001,River,Unknown
USGS,USGS-701808151165100,7.01808E+14,,70.302222200000031,-151.2808333,1906020506,Ublutuoch River,AK_R_6020506_001,River,Unknown
USGS,USGS-15056540,15056540,,59.439674500000002,-136.2843568,1901030312,Klehini River,AK_R_1030312_006,River,Unknown
USGS,USGS-700825152071300,7.00825E+14,,70.140405600000022,-152.120311,1906020505,Unnamed Creek,AK_R_6020505_002,River,Unknown
USGS,USGS-701259151583700,7.01259E+14,,70.216305599999998,-151.9768139,1906020505,Unnamed Creek,AK_R_6020505_004,River,Unknown
USGS,USGS-700646152112000,7.00646E+14,,70.112761100000000,-152.1888528,1906020505,Unnamed Creek,AK_R_6020505_003,River,Unknown
USGS,USGS-701008151561200,7.01008E+14,,70.168888889999948,-151.9366,1906020505,Unnamed Creek,AK_R_6020505_005,River,Unknown
USGS,USGS-15015591,15015591,,56.339152779999985,-130.743011,1901010504,Unuk River,AK_R_1010504_005,River,Unknown
CHICKALOONNATIVEVILLAGE,CHICKALOONNATIVEVILLAGE_WQX-CALCRK0.0,CALCRK0.0,California Creek,61.796410000000002,-148.47792,1902040205,California Creek,AK_R_2040205_003,River,Unknown
CHICKALOONNATIVEVILLAGE,CHICKALOONNATIVEVILLAGE_WQX-CHIRVR2.3,CHIRVR2.3,Chickaloon River,61.796360000000057,-148.47765,1902040205,Chickaloon River,AK_R_2040205_004,River,Unknown
CHICKALOONNATIVEVILLAGE,CHICKALOONNATIVEVILLAGE_WQX-KINRVR0.1,KINRVR0.1,Kings River,61.732390000000009,-148.74767,1902040206,Kings River,AK_R_2040206_001,River,Unknown
CHICKALOONNATIVEVILLAGE,CHICKALOONNATIVEVILLAGE_WQX-ESKCRK5.5,ESKCRK5.5,Eska Creek (above upper culvert),61.738710000000026,-148.9061,1902040207,Eska Creek,AK_R_2040207_005,River,Unknown
CHICKALOONNATIVEVILLAGE,CHICKALOONNATIVEVILLAGE_WQX-MOOCRK11.7,MOOCRK11.7,Moose Creek (above upper bridge),61.733320000000013,-149.0294,1902040207,Moose Creek,AK_R_2040207_014,River,Unknown
CHICKALOONNATIVEVILLAGE,CHICKALOONNATIVEVILLAGE_WQX-MOOWTL0.0,MOOWTL0.0,Moose Creek Wetlands,61.734409999999961,-149.02486,1902040207,Moose Creek Wetlands,AK_R_2040207_018,River,Unknown
CHICKALOONNATIVEVILLAGE,CHICKALOONNATIVEVILLAGE_WQX-WOLOTL1.7,WOLOTL1.7,Wolverine Lake outlet,61.656920000000028,-148.98259,1902040207,Wolverine Lake Outlet,AK_R_2040207_019,River,Unknown
CHICKALOONNATIVEVILLAGE,CHICKALOONNATIVEVILLAGE_WQX-WOLCRK1.7,WOLCRK1.7,Wolverine Creek,61.655279999999969,-149.03156,1902040207,Wolverine Creek,AK_R_2040207_016,River,Unknown
CHICKALOONNATIVEVILLAGE,CHICKALOONNATIVEVILLAGE_WQX-CARCRK2.8,CARCRK2.8,Caribou Creek,61.673100000000026,-149.03777,1902040207,Moose Creek,AK_R_2040207_014,River,Unknown
CHICKALOONNATIVEVILLAGE,CHICKALOONNATIVEVILLAGE_WQX-HICCRK0.5,HICCRK0.5,Hicks Creek,61.791130000000024,-147.93634,1902040203,Hicks Creek,AK_R_2040203_007,River,Unknown
CHICKALOONNATIVEVILLAGE,CHICKALOONNATIVEVILLAGE_WQX-PURCRK5.2,PURCRK5.2,Purinton Creek,61.811440000000019,-148.13582,1902040204,Purinton Creek,AK_R_2040204_013,River,Unknown
CHICKALOONNATIVEVILLAGE,CHICKALOONNATIVEVILLAGE_WQX-MOOCRK1.4,MOOCRK1.4,Moose Creek (above Glenn Highway),61.682670000000002,-149.04758,1902040207,Moose Creek,AK_R_2040207_014,River,Unknown
CHICKALOONNATIVEVILLAGE,CHICKALOONNATIVEVILLAGE_WQX-GRACRK0.3,GRACRK0.3,Granite Creek,61.711260000000024,-148.85049,1902040207,Granite Creek,AK_R_2040207_008,River,Unknown
CHICKALOONNATIVEVILLAGE,CHICKALOONNATIVEVILLAGE_WQX-ESKCRK1.7,ESKCRK1.7,Eska Creek (above Glenn Highway),61.710940000000015,-148.89871,1902040207,Eska Creek,AK_R_2040207_005,River,Unknown
CHICKALOONNATIVEVILLAGE,CHICKALOONNATIVEVILLAGE_WQX-BUFCRK0.0,BUFCRK0.0,Buffalo Creek,61.714689999999948,-149.07301,1902040207,Buffalo Creek,AK_R_2040207_001,River,Unknown
CHICKALOONNATIVEVILLAGE,CHICKALOONNATIVEVILLAGE_WQX-KLESPR0.0,KLESPR0.0,Kleinshcmidt Sprint (Slough),61.673839999999984,-149.03496,1902040207,Kleinschmidt Spring,AK_R_2040207_017,River,Unknown
CHICKALOONNATIVEVILLAGE,CHICKALOONNATIVEVILLAGE_WQX-MOOCRK0.0,MOOCRK0.0,Moose Creek (mouth),61.673040000000000,-149.03786,1902040207,Moose Creek,AK_R_2040207_014,River,Unknown
CHICKALOONNATIVEVILLAGE,CHICKALOONNATIVEVILLAGE_WQX-MOOCRK6.6,MOOCRK6.6,Moose Creek (Premier Mine),61.706090000000025,-149.09529,1902040207,Moose Creek,AK_R_2040207_014,River,Unknown
CHICKALOONNATIVEVILLAGE,CHICKALOONNATIVEVILLAGE_WQX-TSICHA44.6,TSICHA44.6,Ts'itonhna Channel 44.6,61.731350000000006,-148.7086,1902040207,Matanuska River,AK_R_2040207_013_003,River,Unknown
ADVENTURESCIENTISTS,ADVENTURESCIENTISTS-62.53.145.53,62.53.145.53,Gulkana Wild and Scenic River-62.53.145.53,62.526320000000020,-145.5256844,1902010206,Gulkana River,AK_R_2010206_002,River,Unknown
ADVENTURESCIENTISTS,ADVENTURESCIENTISTS-67.97.161.89,67.97.161.89,Noatak Wild and Scenic River-67.97.161.89,67.973992140000007,-161.8949751,1905040214,Noatak River,AK_R_5040214_006,River,Unknown
ADVENTURESCIENTISTS,ADVENTURESCIENTISTS-64.31.141.41,64.31.141.41,Fortymile Wild and Scenic River-64.31.141.41,64.308596499999936,-141.4070614,1907050222,Fortymile River,AK_R_7050222_010,River,Unknown
ADVENTURESCIENTISTS,ADVENTURESCIENTISTS-62.84.145.67,62.84.145.67,Gulkana Wild and Scenic River-62.84.145.67,62.839427450000009,-145.6665599,1902010202,Gulkana River,AK_R_2010202_002,River,Unknown
ADVENTURESCIENTISTS,ADVENTURESCIENTISTS-63.89.142.24,63.89.142.24,West Fork Dennison Fork (Fortymile Wild and Scenic River)-63.89.142.24,63.890079870000008,-142.2353528,1907050217,West Fork Dennison Fork,AK_R_7050217_003,River,Unknown
ADVENTURESCIENTISTS,ADVENTURESCIENTISTS-64.17.141.42,64.17.141.42,Wade Creek (Fortymile Wild and Scenic River)-64.17.141.42,64.166203820000007,-141.4189742,1907050219,Wade Creek,AK_R_7050219_030,River,Unknown
ADVENTURESCIENTISTS,ADVENTURESCIENTISTS-62.53.145.52,62.53.145.52,Gulkana Wild and Scenic River-62.53.145.52,62.526610909999981,-145.5247412,1902010206,Gulkana River,AK_R_2010206_002,River,Unknown
ADVENTURESCIENTISTS,ADVENTURESCIENTISTS-67.88.155.12,67.88.155.12,Alatna Wild and Scenic River-67.88.155.12,67.877941979999974,-155.1190423,1909010302,Alatna River,AK_R_9010302_001,River,Unknown
ADVENTURESCIENTISTS,ADVENTURESCIENTISTS-67.72.154.95,67.72.154.95,Alatna Wild and Scenic River-67.72.154.95,67.717584860000017,-154.9527213,1909010302,Alatna River,AK_R_9010302_001,River,Unknown
ADVENTURESCIENTISTS,ADVENTURESCIENTISTS-67.42.153.72,67.42.153.72,Alatna Wild and Scenic River-67.42.153.72,67.421968250000006,-153.7177348,1909010308,Alatna River,AK_R_9010308_001,River,Unknown
ADVENTURESCIENTISTS,ADVENTURESCIENTISTS-67.55.155.21,67.55.155.21,Noatak Wild and Scenic River-67.55.155.21,67.548316749999969,-155.2087187,1905040101,Noatak River,AK_R_5040101_004,River,Unknown
ADVENTURESCIENTISTS,ADVENTURESCIENTISTS-67.66.155.39,67.66.155.39,Noatak Wild and Scenic River-67.66.155.39,67.658449469999951,-155.3882717,1905040102,Noatak River,AK_R_5040102_006,River,Unknown
ADVENTURESCIENTISTS,ADVENTURESCIENTISTS-65.39.145.72,65.39.145.72,Birch Creek Wild and Scenic River-65.39.145.72,65.388923969999965,-145.7195672,1908040102,Ikhèenjik River,AK_R_8040102_012_002,River,Unknown
ADVENTURESCIENTISTS,ADVENTURESCIENTISTS-67.79.152.38,67.79.152.38,John Wild and Scenic River-67.79.152.38,67.786961930000018,-152.3765468,1909010119,John River,AK_R_9010119_002,River,Unknown
ADVENTURESCIENTISTS,ADVENTURESCIENTISTS-63.33.145.74,63.33.145.74,Delta Wild and Scenic River-63.33.145.74,63.334204739999976,-145.7445131,1908030405,Delta River,AK_R_8030405_006,River,Unknown
ADVENTURESCIENTISTS,ADVENTURESCIENTISTS-67.07.151.01,67.07.151.01,North Fork Koyukuk Wild and Scenic River-67.07.151.01,67.068395639999991,-151.0123909,1909010113,North Fork Koyukuk River,AK_R_9010113_004,River,Unknown
ADVENTURESCIENTISTS,ADVENTURESCIENTISTS-62.86.145.62,62.86.145.62,Gulkana Wild and Scenic River-62.86.145.62,62.856061279999999,-145.6151824,1902010202,Gulkana River,AK_R_2010202_002,River,Unknown
ADVENTURESCIENTISTS,ADVENTURESCIENTISTS-62.85.145.67,62.85.145.67,Middle Fork Gulkana (Gulkana Wild and Scenic River)-62.85.145.67,62.845756319999992,-145.6720532,1902010201,Middle Fork Gulkana River,AK_R_2010201_001,River,Unknown
ADVENTURESCIENTISTS,ADVENTURESCIENTISTS-62.72.145.58,62.72.145.58,Gulkana Wild and Scenic River-62.72.145.58,62.719729230000006,-145.5813405,1902010202,Gulkana River,AK_R_2010202_002,River,Unknown
ADVENTURESCIENTISTS,ADVENTURESCIENTISTS-62.58.145.63,62.58.145.63,Gulkana Wild and Scenic River-62.58.145.63,62.576699240000025,-145.6276364,1902010202,Gulkana River,AK_R_2010202_002,River,Unknown
ADVENTURESCIENTISTS,ADVENTURESCIENTISTS-62.57.145.63,62.57.145.63,Middle Fork Gulkana (Gulkana Wild and Scenic River)-62.57.145.63,62.574194219999967,-145.6283383,1902010205,West Fork Gulkana River,AK_R_2010205_003,River,Unknown
ADVENTURESCIENTISTS,ADVENTURESCIENTISTS-64.06.141.77,64.06.141.77,South Fork (Fortymile Wild and Scenic River)-64.06.141.77,64.058715149999998,-141.7665995,1907050220,South Fork Fortymile River,AK_R_7050220_012,River,Unknown
ADVENTURESCIENTISTS,ADVENTURESCIENTISTS-64.08.141.64,64.08.141.64,Walker Fork (Fortymile Wild and Scenic River)-64.08.141.64,64.078526240000002,-141.6374826,1907050219,Walker Fork,AK_R_7050219_032,River,Unknown
ADVENTURESCIENTISTS,ADVENTURESCIENTISTS-64.07.142,64.07.142,Mosquito Fork (Fortymile Wild and Scenic River)-64.07.142,64.066458070000010,-141.9954001,1907050213,Mosquito Fork,AK_R_7050213_009,River,Unknown
ADVENTURESCIENTISTS,ADVENTURESCIENTISTS-63.80.142.21,63.80.142.21,Logging Cabin Creek (Fortymile Wild and Scenic River)-63.80.142.21,63.803115740000017,-142.212787,1907050217,Logging Cabin Creek,AK_R_7050217_001,River,Unknown
ADVENTURESCIENTISTS,ADVENTURESCIENTISTS-62.71.145.59,62.71.145.59,Gulkana Wild and Scenic River-62.71.145.59,62.714689470000025,-145.5883231,1902010202,Gulkana River,AK_R_2010202_002,River,Unknown
ADVENTURESCIENTISTS,ADVENTURESCIENTISTS-67.70.155.96,67.70.155.96,Noatak Wild and Scenic River-67.70.155.96,67.699236719999988,-155.9642996,1905040103,Noatak River,AK_R_5040103_005,River,Unknown
ADVENTURESCIENTISTS,ADVENTURESCIENTISTS-67.85.156.47,67.85.156.47,Noatak Wild and Scenic River-67.85.156.47,67.851326520000001,-156.4695317,1905040105,Noatak River,AK_R_5040105_004,River,Unknown
ADVENTURESCIENTISTS,ADVENTURESCIENTISTS-67.89.156.84,67.89.156.84,Noatak Wild and Scenic River-67.89.156.84,67.888335090000012,-156.8378964,1905040105,Noatak River,AK_R_5040105_004,River,Unknown
ADVENTURESCIENTISTS,ADVENTURESCIENTISTS-67.89.157.42,67.89.157.42,Noatak Wild and Scenic River-67.89.157.42,67.885192659999973,-157.4156268,1905040106,Noatak River,AK_R_5040106_002,River,Unknown
ADVENTURESCIENTISTS,ADVENTURESCIENTISTS-67.99.157.95,67.99.157.95,Noatak Wild and Scenic River-67.99.157.95,67.986548649999961,-157.9541283,1905040117,Noatak River,AK_R_5040117_004,River,Unknown
ADVENTURESCIENTISTS,ADVENTURESCIENTISTS-67.93.158.38,67.93.158.38,Noatak Wild and Scenic River-67.93.158.38,67.931042069999975,-158.3768568,1905040117,Noatak River,AK_R_5040117_004,River,Unknown
ADVENTURESCIENTISTS,ADVENTURESCIENTISTS-67.93.160.23,67.93.160.23,Noatak Wild and Scenic River-67.93.160.23,67.926120800000078,-160.2322421,1905040212,Noatak River,AK_R_5040212_009,River,Unknown
ADVENTURESCIENTISTS,ADVENTURESCIENTISTS-67.89.160.89,67.89.160.89,Noatak Wild and Scenic River-67.89.160.89,67.894395229999972,-160.8883875,1905040212,Noatak River,AK_R_5040212_009,River,Unknown
ADVENTURESCIENTISTS,ADVENTURESCIENTISTS-68.01.161.39,68.01.161.39,Noatak Wild and Scenic River-68.01.161.39,68.006157309999963,-161.393064,1905040214,Noatak River,AK_R_5040214_006,River,Unknown
ADVENTURESCIENTISTS,ADVENTURESCIENTISTS-67.99.161.6,67.99.161.6,Noatak Wild and Scenic River-67.99.161.6,67.986607560000067,-161.6020147,1905040214,Noatak River,AK_R_5040214_006,River,Unknown
ADVENTURESCIENTISTS,ADVENTURESCIENTISTS-67.97.150.51,67.97.150.51,North Fork Koyukuk Wild and Scenic River-67.97.150.51,67.971786360000067,-150.5079621,1909010108,North Fork Koyukuk River,AK_R_9010108_010,River,Unknown
ADVENTURESCIENTISTS,ADVENTURESCIENTISTS-67.67.154.46,67.67.154.46,Alatna Wild and Scenic River-67.67.154.46,67.667939230000002,-154.4582393,1909010302,Alatna River,AK_R_9010302_001,River,Unknown
ADVENTURESCIENTISTS,ADVENTURESCIENTISTS-67.54.154.1,67.54.154.1,Alatna Wild and Scenic River-67.54.154.1,67.544741090000002,-154.0993061,1909010308,Alatna River,AK_R_9010308_001,River,Unknown
ADVENTURESCIENTISTS,ADVENTURESCIENTISTS-64.52.141.59,64.52.141.59,Champion Creek (Fortymile Wild and Scenic River)-64.52.141.59,64.520438950000042,-141.5941942,1907050202,Champion Creek,AK_R_7050202_003,River,Unknown
ADVENTURESCIENTISTS,ADVENTURESCIENTISTS-64.55.142.13,64.55.142.13,Champion Creek (Fortymile Wild and Scenic River)-64.55.142.13,64.553925569999961,-142.1284738,1907050203,North Fork Fortymile River,AK_R_7050203_011,River,Unknown
ADVENTURESCIENTISTS,ADVENTURESCIENTISTS-64.44.142.14,64.44.142.14,North Fork (Fortymile Wild and Scenic River)-64.44.142.14,64.439258619999990,-142.1395454,1907050208,North Fork Fortymile River,AK_R_7050208_008,River,Unknown
ADVENTURESCIENTISTS,ADVENTURESCIENTISTS-64.30.141.96,64.30.141.96,North Fork (Fortymile Wild and Scenic River)-64.30.141.96,64.303270710000007,-141.9631406,1907050208,North Fork Fortymile River,AK_R_7050208_008,River,Unknown
ADVENTURESCIENTISTS,ADVENTURESCIENTISTS-64.24.141.75,64.24.141.75,North Fork (Fortymile Wild and Scenic River)-64.24.141.75,64.242729309999973,-141.7544683,1907050208,North Fork Fortymile River,AK_R_7050208_008,River,Unknown
ADVENTURESCIENTISTS,ADVENTURESCIENTISTS-63.25.145.69,63.25.145.69,Delta Wild and Scenic River-63.25.145.69,63.254464200000001,-145.6939595,1908030403,Phelan Creek,AK_R_8030403_004,River,Unknown
CHICKALOONNATIVEVILLAGE_WQX,CHICKALOONNATIVEVILLAGE_WQX-TSICHA49.0,TSICHA49.0,Ts'itonhna Channel @ beaver pond culvert,61.737170000000020,-148.68486,1902040207,Matanuska River,AK_R_2040207_013_003,River,Unknown
CHICKALOONNATIVEVILLAGE_WQX,CHICKALOONNATIVEVILLAGE_WQX-CHIRVR0.3,CHIRVR0.3,Chickaloon River (above Glenn Highway),61.785910000000008,-148.45424,1902040205,Chickaloon River,AK_R_2040205_004,River,Unknown
CHICKALOONNATIVEVILLAGE_WQX,CHICKALOONNATIVEVILLAGE_WQX-KINRVR0.8,KINRVR0.8,Kings River (at trail campground),61.734499999999997,-148.74055,1902040206,Kings River,AK_R_2040206_001,River,Unknown
AKDECWQ,AKDECWQ-NRS23-Selawik-02,NRS23-Selawik-02,Selawik River 2,66.488136300000008,-158.0717588,1905030106,Selawik River,AK_R_5030106_004,River,Unknown
AKDECWQ,AKDECWQ-NRS23-Selawik-07,NRS23-Selawik-07,Selawik River 7,66.474200220000000,-157.3711669,1905030101,Selawik River,AK_R_5030101_001,River,Unknown
AKDECWQ,AKDECWQ-NRS23-Selawik-06,NRS23-Selawik-06,Selawik River 6,66.487342190000049,-157.2654499,1905030101,Selawik River,AK_R_5030101_001,River,Unknown
AKDECWQ,AKDECWQ-NRS23-Selawik-01,NRS23-Selawik-01,Selawik River 1,66.494352230000047,-158.1832405,1905030106,Selawik River,AK_R_5030106_004,River,Unknown
AKDECWQ,AKDECWQ-NRS23-Selawik-25,NRS23-Selawik-25,Selawik River 25,66.488290860000006,-158.2449531,1905030106,Selawik River,AK_R_5030106_004,River,Unknown
AKDECWQ,AKDECWQ-KC02,KC02,Ketchikan Creek-02,55.343995999999983,-131.639956,1901010204,Ketchikan Creek,AK_R_1010204_003,River,Unknown
AKDECWQ,AKDECWQ-KC01,KC01,Ketchikan Creek-01,55.344244999999994,-131.632391,1901010204,Ketchikan Creek,AK_R_1010204_003,River,Unknown
AKDECWQ,AKDECWQ-HC01,HC01,Hoadley Creek 01,55.358964000000036,-131.679784,1901010204,Hoadley Creek,AK_R_1010204_002,River,Unknown
AKDECWQ,AKDECWQ-CC02,CC02,Carlanna Creek 02,55.358069999999977,-131.69534,1901010204,Carlanna Creek,AK_R_1010204_001,River,Unknown
AKDECWQ,AKDECWQ-VanCr-3,VanCr-3,Vanderbilt Creek 3,58.349394000000004,-134.492131,1901030106,Vanderbilt Creek,AK_R_1030106_037,River,Unknown
AKDECWQ,AKDECWQ-VanCr-2,VanCr-2,Vanderbilt Creek 2,58.351319999999987,-134.490993,1901030106,Vanderbilt Creek,AK_R_1030106_037,River,Unknown
AKDECWQ,AKDECWQ-VanCr-1,VanCr-1,Vanderbilt Creek 1,58.355838000000013,-134.485686,1901030106,Vanderbilt Creek,AK_R_1030106_037,River,Unknown
AKDECWQ,AKDECWQ-KC03,KC03,Ketchikan Creek-03,55.342920000000021,-131.64374,1901010204,Ketchikan Creek,AK_R_1010204_003,River,Unknown
AKDECWQ,AKDECWQ-HC02,HC02,Hoadley Creek 02,55.353730999999996,-131.688087,1901010204,Hoadley Creek,AK_R_1010204_002,River,Unknown
AKDECWQ,AKDECWQ-CC01,CC01,Carlanna Creek-01,55.368520999999987,-131.691741,1901010204,Carlanna Creek,AK_R_1010204_001,River,Unknown
AKDECWQ,AKDECWQ-NRS23-Selawik-04,NRS23-Selawik-04,Selawik River 4,66.497353389999930,-157.2212899,1905030101,Selawik River,AK_R_5030101_001,River,Unknown
AKDECWQ,AKDECWQ-NRS23-Selawik-10,NRS23-Selawik-10,Selawik River 10,66.496106139999966,-157.210202,1905030101,Selawik River,AK_R_5030101_001,River,Unknown
AKDECWQ,AKDECWQ-NRS23-Selawik-09,NRS23-Selawik-09,Selawik River 9,66.483857550000039,-158.0042337,1905030106,Selawik River,AK_R_5030106_004,River,Unknown
AKDECWQ,AKDECWQ-NRS23-Selawik-11,NRS23-Selawik-11,Selawik River 11,66.492251610000011,-157.4783457,1905030106,Selawik River,AK_R_5030106_004,River,Unknown
AKDECWQ,AKDECWQ-NRS23-Selawik-12,NRS23-Selawik-12,Selawik River 12,66.470822889999965,-157.8902521,1905030106,Selawik River,AK_R_5030106_004,River,Unknown
AKDECWQ,AKDECWQ-NRS23-Selawik-13,NRS23-Selawik-13,Selawik River 13,66.480450379999994,-158.1002331,1905030106,Selawik River,AK_R_5030106_004,River,Unknown
AKDECWQ,AKDECWQ-NRS23-Selawik-03,NRS23-Selawik-03,Selawik River 3,66.482153160000024,-157.3631257,1905030101,Selawik River,AK_R_5030101_001,River,Unknown
AKDECWQ,AKDECWQ-NRS23-Selawik-08,NRS23-Selawik-08,Selawik River 8,66.476032869999983,-157.7488266,1905030106,Selawik River,AK_R_5030106_004,River,Unknown
AKDECWQ,AKDECWQ-NRS23-Selawik-05,NRS23-Selawik-05,Selawik River 5,66.486487930000010,-158.1840784,1905030106,Selawik River,AK_R_5030106_004,River,Unknown
AKDECWQ,AKDECWQ-PHC-10,PHC-10,Pederson Hill Creek Site 10,58.365763999999999,-134.624212,1901030106,Pederson Hill Creek/Casa Del Sol,AK_R_1030106_038,River,Unknown
AKDECWQ,AKDECWQ-ER-SF,ER-SF,Eagle River - South Fork,61.288092000000006,-149.476331,1902040103,South Fork Eagle River,AK_R_2040103_007,River,Unknown
AKDECWQ,AKDECWQ-ER-VFW,ER-VFW,Eagle River - VFW Road,61.310309000000018,-149.57826,1902040103,Eagle River,AK_R_2040103_003_004,River,Navigable
AKDECWQ,AKDECWQ-ER-GB,ER-GB,Eagle River - Greenbelt,61.297501999999909,-149.535363,1902040103,Eagle River,AK_R_2040103_003_004,River,Navigable
AKDECWQ,AKDECWQ-ER-NF,ER-NF,Eagle River - North Fork,61.277354000000003,-149.38103,1902040103,Eagle River,AK_R_2040103_003_005,River,Navigable
GTC_WQX,GTC_WQX-GTC-KR,GTC-KR,Kuskokwim River 1 (KR-1),61.895939999999982,-157.7021,1903050101,Kuskokwim River (Georgetown),AK_R_3050101_006_001,River,Unknown
GTC_WQX,GTC_WQX-GTC-GR,GTC-GR,George River 1 (GR-1),61.898139999999977,-157.7139,1903050107,George River,AK_R_3050107_005,River,Unknown
GTC_WQX,GTC_WQX-CHU-A,CHU-A,Site A-CHU,61.587280000000021,-159.334,1903050124,Kuskokwim River,AK_R_3050124_006,River,Unknown
GTC_WQX,GTC_WQX-CHU-B,CHU-B,Site B-CHU,61.570429999999995,-159.2514,1903050124,Kuskokwim River,AK_R_3050124_006,River,Unknown
GTC_WQX,GTC_WQX-CHU-C-KRMC,CHU-C-KRMC,Site C - 100' above Confluence of Kuskokwim River on Mission Creek,61.567929999999983,-159.252,1903050124,Kuskokwim River,AK_R_3050124_006,River,Unknown
GTC_WQX,GTC_WQX-CHU-D-MC,CHU-D-MC,Site D - 200' Upstream Mission Creak,61.568249999999985,-159.217,1903050124,Kuskokwim River,AK_R_3050124_006,River,Unknown
GTC_WQX,GTC_WQX-CHU-E-OL,CHU-E-OL,Site E - Outlet of Man made lake NE of new airport,61.587470000000032,-159.0413,1903050124,Kuskokwim River,AK_R_3050124_006,River,Unknown
GTC_WQX,GTC_WQX-ANI-M,ANI-M,ANI-Mouth,61.570729999999962,-159.492,1903050123,Aniak River,AK_R_3050123_001,River,Unknown
GTC_WQX,GTC_WQX-ANI-S,ANI-S,ANI-Slough,61.572589999999984,-159.529,1903050205,Aniak Slough,AK_R_3050205_001,River,Unknown
GTC_WQX,GTC_WQX-ANI-B,ANI-B,ANI-Barge,61.598160000000000,-159.616,1903050205,Kuskokwim River,AK_R_3050205_003,River,Unknown
GTC_WQX,GTC_WQX-ANI-UK,ANI-UK,ANI-Upper K,61.593029999999985,-159.447,1903050124,Kuskokwim River,AK_R_3050124_006,River,Unknown
LEVELOCK,LEVELOCK-LVC 1,LVC 1,Kvichak River,59.250900000000037,-156.3538,1903020614,Kvichak River,AK_R_3020614_003,River,Unknown
LEVELOCK,LEVELOCK-LVC 2,LVC 2,Yellow Creek,59.180199999999985,-156.6897,1903020622,Unnamed Creek,AK_R_3020622_012,River,Unknown
LEVELOCK,LEVELOCK-LVC 3,LVC 3,Branch River,59.032800000000023,-156.6535,1903020620,Alagnak River,AK_R_3020620_001,River,Unknown
GTC_WQX,GTC_WQX-KR-1,KR-1,Kuskokwim River 1,61.895939999999982,-157.7021,1903050101,Kuskokwim River (Georgetown),AK_R_3050101_006_001,River,Unknown
GTC_WQX,GTC_WQX-GR-1,GR-1,George River 1,61.898139999999977,-157.7139,1903050107,George River,AK_R_3050107_005,River,Unknown
AKDECWQ,AKDECWQ-LS-1 km up,LS-1 km up,Little Susitna River 1 km upstream PUF boat launch,61.442379999999964,-150.16205,1902050512,Little Susitna River,AK_R_2050512_016_003,River,Navigable
AKDECWQ,AKDECWQ-LS-0 PUF,LS-0 PUF,Little Susitna River,61.437209999999993,-150.17657,1902050512,Little Susitna River,AK_R_2050512_016_003,River,Navigable
AKDECWQ,AKDECWQ-TWC-Klehini-Upstream,TWC-Klehini-Upstream,Klehini River Upstream,59.440720000000077,-136.34552,1901030312,Klehini River,AK_R_1030312_006,River,Unknown
AKDECWQ,AKDECWQ-SDM17-LK,SDM17-LK,Klehini River 1,59.412960000000020,-136.00375,1901030312,Klehini River,AK_R_1030312_006,River,Unknown
AKDECWQ,AKDECWQ-SDM17-GL,SDM17-GL,Glacier Creek 1 (TWC),59.417469999999987,-136.30174,1901030312,Glacier Creek,AK_R_1030312_003,River,Unknown
AKDECWQ,AKDECWQ-TWC-Glacier Creek,TWC-Glacier Creek,Galcier Creek,59.389140000000005,-136.37117,1901030312,Glacier Creek,AK_R_1030312_003,River,Unknown
AKDECWQ,AKDECWQ-PHC-8,PHC-8,Pederson Hill Creek Site 8,58.363246000000018,-134.614767,1901030106,Pederson Hill Creek/Casa Del Sol,AK_R_1030106_038,River,Unknown
AKDECWQ,AKDECWQ-PHC-11,PHC-11,Pederson Hill Creek Site 11,55.359743999999985,-131.620827,1901010204,Ketchikan Creek,AK_R_1010204_003,River,Unknown
AKDECAKMAP,AKDECAKMAP-NRS18-AK-Taku1,NRS18-AK-Taku1,Taku River,58.557900000000025,-133.6785,1901030407,Taku River,AK_R_1030407_006,River,Unknown
AKDECAKMAP,AKDECAKMAP-NRS18-AK-Taku2,NRS18-AK-Taku2,Taku River,58.483999999999980,-133.9735,1901030407,Taku River,AK_R_1030407_006,River,Unknown
AKDECAKMAP,AKDECAKMAP-NRS18-AK-10165,NRS18-AK-10165,Taku River,58.502100000000020,-133.9221,1901030407,Taku River,AK_R_1030407_006,River,Unknown
AKDECAKMAP,AKDECAKMAP-NRS18-AK-10159,NRS18-AK-10159,Taku River,58.530400000000050,-133.7479,1901030407,Taku River,AK_R_1030407_006,River,Unknown
AKDECAKMAP,AKDECAKMAP-NRS18-AK-10162,NRS18-AK-10162,Taku River,58.538800000000009,-133.7055,1901030407,Taku River,AK_R_1030407_006,River,Unknown
AKDECAKMAP,AKDECAKMAP-NRS18-AK-10160,NRS18-AK-10160,Taku River,58.514600000000009,-133.8541,1901030407,Taku River,AK_R_1030407_006,River,Unknown
AKDECAKMAP,AKDECAKMAP-NRS18-AK-10059,NRS18-AK-10059,Harding River,56.325300000000013,-131.7006,1901010403,Harding River,AK_R_1010403_003,River,Unknown
AKDECAKMAP,AKDECAKMAP-NRS18-AK-10060,NRS18-AK-10060,Bradfield River,56.280200000000029,-131.4012,1901010402,North Fork Bradfield River,AK_R_1010402_004,River,Unknown
AKDECAKMAP,AKDECAKMAP-NRS18-AK-10143,NRS18-AK-10143,Shakes Slough,56.716599999999985,-132.1079,1901020709,Shakes Slough,AK_R_1020709_009,River,Unknown
AKDECAKMAP,AKDECAKMAP-NRS18-AK-10077,NRS18-AK-10077,Hatchery Creek,55.924599999999963,-132.9606,1901010301,Hatchery Creek,AK_R_1010301_002,River,Unknown
AKDECAKMAP,AKDECAKMAP-NRS18-AK-10139,NRS18-AK-10139,Stikine River,56.674700000000030,-131.9988,1901020709,Stikine River,AK_R_1020709_011,River,Navigable
AKDECAKMAP,AKDECAKMAP-NRS18-AK-10147,NRS18-AK-10147,Stikine River,56.702799999999932,-132.0451,1901020709,Stikine River,AK_R_1020709_011,River,Navigable
AKDECAKMAP,AKDECAKMAP-NRS18-AK-10140,NRS18-AK-10140,Alpine Creek,56.732300000000009,-132.0513,1901020709,Alpine Creek,AK_R_1020709_012,River,Unknown
AKDECAKMAP,AKDECAKMAP-NRS18-AK-Stik1,NRS18-AK-Stik1,Stikine River,56.709600000000002,-132.1051,1901020709,Stikine River,AK_R_1020709_011,River,Navigable
AKDECAKMAP,AKDECAKMAP-NRS18-AK-Stik2,NRS18-AK-Stik2,Stikine River,56.667699999999989,-131.9352,1901020709,Stikine River,AK_R_1020709_011,River,Navigable
AKDECAKMAP,AKDECAKMAP-NRS18-AK-10064,NRS18-AK-10064,Stikine River,56.685300000000019,-132.2414,1901020711,Hooligan Slough,AK_R_1020711_005,River,Unknown
AKDECAKMAP,AKDECAKMAP-NRS18-AK-10049,NRS18-AK-10049,Shaheen Creek,55.724099999999993,-133.2247,1901010310,Shaheen Creek,AK_R_1010310_006,River,Unknown
AKDECAKMAP,AKDECAKMAP-NRS18-AK-10078,NRS18-AK-10078,Wilson River,55.411299999999997,-130.6081,1901010510,Wilson River,AK_R_1010510_005,River,Unknown
AKDECAKMAP,AKDECAKMAP-NRS18-AK-10051,NRS18-AK-10051,Keta River,55.351229999999994,-130.45308,1901010513,Keta River,AK_R_1010513_005,River,Unknown
AKDECAKMAP,AKDECAKMAP-NRS18-AK-10129,NRS18-AK-10129,Alsek River,59.187899999999985,-138.3724,1901040422,Alsek River,AK_R_1040422_001,River,Unknown
AKDECAKMAP,AKDECAKMAP-NRS18-AK-10123,NRS18-AK-10123,Muddy Creek,59.180699999999980,-138.6698,1901040422,Muddy Creek,AK_R_1040422_007,River,Unknown
AKDECAKMAP,AKDECAKMAP-NRS18-AK-10016,NRS18-AK-10016,Chilkat River,59.446400000000018,-135.9746,1901030311,Chilkat River,AK_R_1030311_001,River,Unknown
AKDECAKMAP,AKDECAKMAP-NRS18-AK-10002,NRS18-AK-10002,Chilkat River,59.417100000000026,-135.9419,1901030311,Chilkat River,AK_R_1030311_001,River,Unknown
AKDECAKMAP,AKDECAKMAP-NRS18-AK-10008,NRS18-AK-10008,Herbert River,58.532699999999998,-134.6944,1901030105,Herbert River,AK_R_1030105_003,River,Unknown
AKDECAKMAP,AKDECAKMAP-NRS18-AK-10007,NRS18-AK-10007,Antler River,58.848999999999997,-134.7797,1901030103,Antler River,AK_R_1030103_001,River,Unknown
AKDECAKMAP,AKDECAKMAP-NRS18-AK-10004,NRS18-AK-10004,Neka River,58.080400000000019,-135.8313,1901021109,Neka River,AK_R_1021109_005,River,Unknown
AKDECAKMAP,AKDECAKMAP-NRS18-AK-10009,NRS18-AK-10009,Freds Creek,57.064999999999998,-135.6056,1901021212,Freds Creek,AK_R_1021212_003,River,Unknown
AKDECAKMAP,AKDECAKMAP-NRS18-AK-10177,NRS18-AK-10177,Unuk River,56.182200000000009,-130.919,1901010504,Unuk River,AK_R_1010504_005,River,Unknown
AKDECAKMAP,AKDECAKMAP-NRS18-AK-10182,NRS18-AK-10182,Unuk River,56.199800000000018,-130.8973,1901010504,Unuk River,AK_R_1010504_005,River,Unknown
AKDECAKMAP,AKDECAKMAP-NRS18-AK-10178,NRS18-AK-10178,Unuk River,56.239800000000010,-130.8804,1901010504,Unuk River,AK_R_1010504_005,River,Unknown
AKDECAKMAP,AKDECAKMAP-NRS18-AK-Unuk2,NRS18-AK-Unuk2,Unuk River,56.258199999999995,-130.8194,1901010504,Unuk River,AK_R_1010504_005,River,Unknown
AKDECAKMAP,AKDECAKMAP-NRS18-AK-10181,NRS18-AK-10181,Unuk River,56.146099999999990,-130.9567,1901010504,Unuk River,AK_R_1010504_005,River,Unknown
AKDECAKMAP,AKDECAKMAP-NRS18-AK-Unuk1,NRS18-AK-Unuk1,Unuk River,56.313000000000017,-130.772,1901010504,Unuk River,AK_R_1010504_005,River,Unknown
CHICKALOONNATIVEVILLAGE_WQX,CHICKALOONNATIVEVILLAGE_WQX-KNGRVR0.1,KNGRVR0.1,Kings River,61.732390000000009,-148.74767,1902040206,Kings River,AK_R_2040206_001,River,Unknown
AKDECWQ,AKDECWQ-KR RM 70 CuZn,KR RM 70 CuZn,Kenai River - River Mile 70 - Jims Landing - Metals,60.481351000000004,-150.115484,1902030214,Kenai River,AK_R_2030214_007,River,Navigable
AKDECWQ,AKDECWQ-KR RM 50 CuZn,KR RM 50 CuZn,Kenai River - River Mile 50 - Metals,60.468252999999983,-150.509082,1902030214,Kenai River,AK_R_2030214_007,River,Navigable
AKDECWQ,AKDECWQ-KR RM 19 SC CuZn,KR RM 19 SC CuZn,Kenai River - River Mile 19 - Slikok Creek - Metals,60.482306999999992,-151.126077,1902030218,Lower Kenai River,AK_R_2030218_002_002,River,Unknown
AKDECWQ,AKDECWQ-KR RM 22 SOC T CuZn,KR RM 22 SOC T CuZn,Kenai River - River Mile 22 - Soldotna Creek Tributary - Metals,60.551327999999955,-150.959186,1902030218,Soldotna Creek,AK_R_2030218_007,River,Unknown
AKDECWQ,AKDECWQ-KR RM 10 BC T CuZn,KR RM 10 BC T CuZn,Kenai River - River Mile 10 - Beaver Creek Tributary - Metals,60.640915700000008,-151.0843424,1902030218,Unnamed tibutary to Beaver Creek,AK_R_2030218_010,River,Unknown
AKDECWQ,AKDECWQ-KR RM 0 NNC T CuZn,KR RM 0 NNC T CuZn,Kenai River - River Mile 0 - No Name Creek Tributary - Metals,60.578300000000006,-151.268,1902030218,Unnamed tibutary to Kenai River,AK_R_2030218_009,River,Unknown
AKDECWQ,AKDECWQ-PHC-1,PHC-1,Pederson Hill Creek 1,58.376100000000029,-134.6205,1901030106,Pederson Hill Creek/Casa Del Sol,AK_R_1030106_038,River,Unknown
AKDECWQ,AKDECWQ-PHC-2,PHC-2,Pederson Hill Creek 2,58.374051000000009,-134.6218948,1901030106,Pederson Hill Creek/Casa Del Sol,AK_R_1030106_038,River,Unknown
AKDECWQ,AKDECWQ-PHC-3,PHC-3,Pederson Hill Creek 3,58.374063000000056,-134.6224527,1901030106,Pederson Hill Creek/Casa Del Sol,AK_R_1030106_038,River,Unknown
AKDECWQ,AKDECWQ-PHC-4,PHC-4,Pederson Hill Creek 4,58.371576199999978,-134.6198766,1901030106,Pederson Hill Creek/Casa Del Sol,AK_R_1030106_038,River,Unknown
AKDECWQ,AKDECWQ-PHC-5,PHC-5,Pederson Hill Creek 5,58.371289299999987,-134.6186494,1901030106,Pederson Hill Creek/Casa Del Sol,AK_R_1030106_038,River,Unknown
AKDECWQ,AKDECWQ-PHC-6,PHC-6,Pederson Hill Creek 6,58.369476000000013,-134.6186493,1901030106,Pederson Hill Creek/Casa Del Sol,AK_R_1030106_038,River,Unknown
AKDECWQ,AKDECWQ-PHC-7,PHC-7,Pederson Hill Creek Site 7,55.369737999999998,-131.622532,1901010204,Ketchikan Creek,AK_R_1010204_003,River,Unknown
AKDECWQ,AKDECWQ-PHC-9,PHC-9,Pederson Hill Creek Site 9,58.383831280000031,-134.60901,1901030106,Montana Creek,AK_R_1030106_022,River,Unknown
AKDECWQ,AKDECWQ-DR-0,DR-0,Deshka River RM 0.0,61.698449999999994,-150.31871,1902050510,Deshka River,AK_R_2050510_003,River,Unknown
AKDECWQ,AKDECWQ-DR-0.25,DR-0.25,Deshka River RM 0.25,61.701620000000013,-150.32215,1902050509,Deshka River,AK_R_2050509_002,River,Unknown
AKDECWQ,AKDECWQ-DR-1.0,DR-1.0,Deshka River RM 1.0,61.712410000000020,-150.32532,1902050509,Deshka River,AK_R_2050509_002,River,Unknown
AKDECWQ,AKDECWQ-DR-1.5,DR-1.5,Deshka River 1.5,61.715851000000022,-150.326216,1902050509,Deshka River,AK_R_2050509_002,River,Unknown
AKDECWQ,AKDECWQ-DR-0.75,DR-0.75,Deshka River 0.75,61.706732999999986,-150.325637,1902050509,Deshka River,AK_R_2050509_002,River,Unknown
AKDECWQ,AKDECWQ-CW-Surrey,CW-Surrey,Cottonwood Creek Surrey Road,61.524930000000033,-149.52985,1902040108,Cottonwood Creek,AK_R_2040108_004_001,River,Unknown
AKDECWQ,AKDECWQ-CW-Edlund,CW-Edlund,Cottonwood Creek,61.554439999999985,-149.48833,1902040108,Cottonwood Creek,AK_R_2040108_004_001,River,Unknown
AKDECWQ,AKDECWQ-CW-Pedersen,CW-Pedersen,Cottonwood Creek Pedersen Park / Old Matanuska Road,61.574760000000019,-149.41104,1902040108,Cottonwood Creek,AK_R_2040108_004_002,River,Unknown
KENAI_WQX,KENAI_WQX-10000002,10000002,KBL_m_01.5,60.543679999999995,-151.22294,1902030218,Kenai River,AK_R_2030218_002_001,River,Navigable
KENAI_WQX,KENAI_WQX-10000005,10000005,KBL_m_06.5,60.540809999999993,-151.18278,1902030218,Kenai River,AK_R_2030218_002_001,River,Navigable
KENAI_WQX,KENAI_WQX-10000008,10000008,KBL_t_00.0,60.550887999999972,-151.268417,1902030218,Unnamed tibutary to Kenai River,AK_R_2030218_009,River,Unknown
KENAI_WQX,KENAI_WQX-10000015,10000015,KBL_t_10.0,60.548028999999943,-151.14324,1902030218,Beaver Creek,AK_R_2030218_001,River,Unknown
KENAI_WQX,KENAI_WQX-10000016,10000016,KBL_m_10.1,60.539278999999972,-151.142263,1902030218,Kenai River,AK_R_2030218_002_001,River,Navigable
KENAI_WQX,KENAI_WQX-10000017,10000017,KBL_m_12.5,60.533742999999966,-151.099258,1902030218,Kenai River,AK_R_2030218_002_001,River,Navigable
KENAI_WQX,KENAI_WQX-10000018,10000018,KBL_m_18.0,60.502004999999976,-151.106973,1902030218,Kenai River,AK_R_2030218_002_001,River,Navigable
KENAI_WQX,KENAI_WQX-10000020,10000020,KBL_t_19.0,60.482317999999985,-151.127053,1902030218,Slikok Creek,AK_R_2030218_006,River,Unknown
KENAI_WQX,KENAI_WQX-10000021,10000021,KBL_m_21.0,60.476634000000004,-151.082099,1902030218,Kenai River,AK_R_2030218_002_002,River,Navigable
KENAI_WQX,KENAI_WQX-10000022,10000022,KBL_t_22.0,60.483364000000051,-151.057656,1902030218,Soldotna Creek,AK_R_2030218_007,River,Unknown
KENAI_WQX,KENAI_WQX-10000023,10000023,KBL_m_23.0,60.480337999999989,-151.030847,1902030218,Kenai River,AK_R_2030218_002_002,River,Navigable
KENAI_WQX,KENAI_WQX-10000024,10000024,KBL_t_30.0,60.489963000000024,-150.860982,1902030217,Funny River,AK_R_2030217_001,River,Unknown
KENAI_WQX,KENAI_WQX-10000025,10000025,KBL_m_31.0,60.498283999999998,-150.863121,1902030218,Kenai River,AK_R_2030218_002_002,River,Navigable
KENAI_WQX,KENAI_WQX-10000026,10000026,KBL_t_36.0,60.536869999999993,-150.754724,1902030216,Moose River,AK_R_2030216_002,River,Unknown
KENAI_WQX,KENAI_WQX-10000027,10000027,KBL_m_40.0,60.515441000000017,-150.702069,1902030218,Kenai River,AK_R_2030218_002_002,River,Navigable
KENAI_WQX,KENAI_WQX-10000028,10000028,KBL_m_43.0,60.489843999999970,-150.636905,1902030218,Kenai River,AK_R_2030218_002_002,River,Navigable
KENAI_WQX,KENAI_WQX-10000029,10000029,KBL_t_44.0,60.481518000000015,-150.632498,1902030215,Killey River,AK_R_2030215_002,River,Unknown
KENAI_WQX,KENAI_WQX-10000030,10000030,KBL_m_50.0,60.467517000000022,-150.507789,1902030214,Kenai River,AK_R_2030214_007,River,Navigable
KENAI_WQX,KENAI_WQX-10000031,10000031,KBL_m_70.0,60.481392000000014,-150.11502,1902030214,Middle Kenai River,AK_R_2030214_005,River,Unknown
KENAI_WQX,KENAI_WQX-10000032,10000032,KBL_t_74.0,60.484621999999987,-149.993955,1902030214,Russian River,AK_R_2030214_010,River,Unknown
KENAI_WQX,KENAI_WQX-10000424,10000424,KBL_t_79.5,60.489000000000019,-149.877,1902030212,Kenai River,AK_R_2030212_002,River,Navigable
KENAI_WQX,KENAI_WQX-10000425,10000425,KBL_m_82.0,60.492000000000033,-149.81087,1902030212,Kenai Lake,AK_L_2030212_001,Lake,Unknown
AKBLM_FDO,AKBLM_FDO-EC-ref-01,EC-ref-01,East Creek 01 reference - lower East Creek,67.3736,-151.1847,1909010115,East Creek,AK_R_9010115_003,River,Unknown
AKBLM_FDO,AKBLM_FDO-EC-ref-02,EC-ref-02,East Creek 02 reference - middle East Creek,67.3648,-151.14,1909010115,East Creek,AK_R_9010115_003,River,Unknown
AKBLM_FDO,AKBLM_FDO-EC-ref-03,EC-ref-03,East Creek 03 reference - upper East Creek,67.3587,-151.0729,1909010115,East Creek,AK_R_9010115_003,River,Unknown
AKBLM_FDO,AKBLM_FDO-GC-01,GC-01,Gold Creek 01 - Lower Gold,67.5115,-149.8225,1909010105,Gold Creek,AK_R_9010105_007,River,Unknown
AKBLM_FDO,AKBLM_FDO-GC-02,GC-02,Gold Creek 02 - Below Wicken,67.513,-149.7757,1909010105,Gold Creek,AK_R_9010105_007,River,Unknown
AKBLM_FDO,AKBLM_FDO-GC-03,GC-03,Gold Creek 03 - Above Wicken,67.5139,-149.7712,1909010105,Gold Creek,AK_R_9010105_007,River,Unknown
AKBLM_FDO,AKBLM_FDO-GC-04,GC-04,Gold Creek 04 - Below Even,67.5177,-149.7,1909010105,Gold Creek,AK_R_9010105_007,River,Unknown
AKBLM_FDO,AKBLM_FDO-GC-05,GC-05,Gold Creek 05 - Above Even,67.5181,-149.6927,1909010105,Gold Creek,AK_R_9010105_007,River,Unknown
AKBLM_FDO,AKBLM_FDO-GC-06,GC-06,Gold Creek 06 - Below Little Gold,67.499,-149.6546,1909010105,Gold Creek,AK_R_9010105_007,River,Unknown
AKBLM_FDO,AKBLM_FDO-GC-07,GC-07,Gold Creek 07 - Above Little Gold,67.4988,-149.655,1909010105,Gold Creek,AK_R_9010105_007,River,Unknown
AKBLM_FDO,AKBLM_FDO-GC-08,GC-08,Gold Creek 08 - 18 Pup,67.4823,-149.6767,1909010105,Gold Creek,AK_R_9010105_007,River,Unknown
AKDECWQ,AKDECWQ-Chena River Site 1,Chena River Site 1,Chena River Site 1,64.84041099999997,-147.817437,1908030609,Chena River,AK_R_8030609_003,River,Navigable
AKDECWQ,AKDECWQ-Chena River Site 3,Chena River Site 3,Chena River Site 3,64.84074400000004,-147.689939,1908030609,Chena River,AK_R_8030609_003,River,Navigable
AKDECWQ,AKDECWQ-Chena River Site 2,Chena River Site 2,Chena River Site 2,64.844511,-147.723961,1908030609,Chena River,AK_R_8030609_003,River,Navigable
AKDECWQ,AKDECWQ-KR RM 19 SC T CuZn,KR RM 19 SC T CuZn,Kenai River - River Mile 19 - Slikok Creek Tributary - Metals,60.401900000000005,-151.148,1902030218,Slikok Creek,AK_R_2030218_006,River,Unknown
AKDECWQ,AKDECWQ-AU03_HSLP,AU03_HSLP,Auke Bay 03,58.369029999999974,-134.6676,1901030107,Auke Bay,AK_M_1030107_002,Marine,Navigable
AKDECWQ,AKDECWQ-WH09_HSLP,WH09_HSLP,Whittier 09,60.81272000000001,-148.5533,1902020120,Blackstone Bay-Frontal Port Wells,AK_M_2020120_000,Marine,Navigable
AKDECWQ,AKDECWQ-SE07_HSLP,SE07_HSLP,Seward 07,60.09823,-149.4304,1902020205,Seward Harbor,AK_M_2020205_004,Marine,Navigable
AKDECWQ,AKDECWQ-KE10_HSLP,KE10_HSLP,Ketchikan 10,55.36804999999997,-131.7193,1901010204,Tongass Narrows combined,AK_M_1010204_011,Marine,Navigable
AKDECWQ,AKDECWQ-JU14_HSLP,JU14_HSLP,Juneau 14,58.31537999999999,-134.4533,1901030106,North Gastineau Channel,AK_M_1030106_003,Marine,Navigable
AKDECWQ,AKDECWQ-WH07_HSLP,WH07_HSLP,Whittier 07,60.783560000000016,-148.7061,1902020120,Passage Canal (Whittier Harbor),AK_M_2020120_011,Marine,Navigable
